name	phyp:113536398 aldh1a3; aldehyde dehydrogenase family 1 member A3	sfm:108925968 aldh3b1; aldehyde dehydrogenase family 3 member B1 isoform X1	xtr:100485844 aldh1a3, raldh3; aldehyde dehydrogenase 1 family member A3	max_score	mean_score
six:BSY16_5224 nucleotide sugar dehydrogenase family protein	0.30275875329971313	0.4053384065628052	0.2892729938030243	0.4053384065628052	0.35067714005708694
ead:OV14_a0342 putative UDP-glucose/GDP-mannose dehydrogenase	0.2934175133705139	0.40993013978004456	0.3084619343280792	0.40993013978004456	0.35543493181467056
sphi:TS85_13605 UDP-N-acetyl-D-glucosamine dehydrogenase	0.33365508913993835	0.4092247486114502	0.3156563639640808	0.4092247486114502	0.3669402375817299
abat:CFX1CAM_0216 wbpA; UDP-N-acetyl-D-glucosamine 6-dehydrogenase	0.3046428859233856	0.345260351896286	0.3026827573776245	0.345260351896286	0.32446158677339554
mett:CIT01_00340 UDP-N-acetyl-D-glucosamine dehydrogenase	0.3286307752132416	0.4442143440246582	0.3735352158546448	0.4442143440246582	0.3976486697793007
leg:ABH19_03770 UDP-N-acetyl-D-glucosamine dehydrogenase	0.2977552115917206	0.38588598370552063	0.3507494330406189	0.38588598370552063	0.3550691530108452
afs:AFR_11625 putative UDP-glucose/GDP-mannose dehydrogenase	0.27661120891571045	0.40814483165740967	0.2978864014148712	0.40814483165740967	0.34769681841135025
sals:SLNWT_1072 UDP-glucose/GDP-mannose dehydrogenase	0.2590571343898773	0.4368430972099304	0.29926708340644836	0.4368430972099304	0.35800260305404663
ppy:PPE_03756 UDP-N-acetyl-D-glucosamine dehydrogenase	0.3310060501098633	0.4283411204814911	0.31858164072036743	0.4283411204814911	0.3765674829483032
azt:TSH58p_01950 UDP-N-acetyl-D-glucosamine dehydrogenase	0.2899598479270935	0.425734281539917	0.3531593680381775	0.425734281539917	0.37364694476127625
cbei:LF65_05246 UDP-N-acetyl-D-glucosamine dehydrogenase	0.3387066721916199	0.46170711517333984	0.350422739982605	0.46170711517333984	0.40313591063022614
spun:BFF78_07995 UDP-N-acetyl-D-glucosamine dehydrogenase	0.30248385667800903	0.4407244622707367	0.37409672141075134	0.4407244622707367	0.38950737565755844
bmet:BMMGA3_15115 wbpA; UDP-N-acetyl-D-glucosamine 6-dehydrogenase	0.28191834688186646	0.39594563841819763	0.2963697612285614	0.39594563841819763	0.3425448462367058
bmet:BMMGA3_07065 UDP-glucose:GDP-mannose dehydrogenase	0.3441865146160126	0.4471830129623413	0.42217642068862915	0.4471830129623413	0.4151822403073311
kst:KSMBR1_0908 ugd_1; hypothetical protein	0.324095219373703	0.4043174684047699	0.38984906673431396	0.4043174684047699	0.3806448057293892
pre:PCA10_19780 putative UDP-glucose/GDP-mannose dehydrogenase	0.2901948392391205	0.36864620447158813	0.3354617953300476	0.36864620447158813	0.3407372608780861
dmt:DESME_14200 UDP-N-acetyl-D-glucosamine dehydrogenase	0.3184189200401306	0.3929207921028137	0.3217502236366272	0.3929207921028137	0.3565026819705963
caby:Cabys_2468 UDP-N-acetyl-D-glucosamine dehydrogenase	0.2706918716430664	0.3986096680164337	0.35061678290367126	0.3986096680164337	0.3546319976449013
pset:THL1_1976 UDP-N-acetyl-D-glucosamine dehydrogenase	0.2930477261543274	0.33646631240844727	0.3071824312210083	0.33646631240844727	0.31829069554805756
csy:CENSYa_0993 UDP-N-acetyl-D-mannosaminuronate dehydrogenase	0.2612265348434448	0.31508564949035645	0.3182346224784851	0.3182346224784851	0.30319535732269287
vpn:A21D_01755 wbpA_3; UDP-N-acetyl-D-glucosamine 6-dehydrogenase	0.3132440149784088	0.4022763967514038	0.32393383979797363	0.4022763967514038	0.3604326620697975
mre:K649_01415 nucleotide sugar dehydrogenase	0.30154818296432495	0.4157358705997467	0.29556718468666077	0.4157358705997467	0.3571467772126198
cace:CACET_c17700 ugd; UDP-glucose 6-dehydrogenase Ugd	0.28307127952575684	0.39332789182662964	0.30325332283973694	0.39332789182662964	0.34324509650468826
ctet:BN906_02466 UDP-glucose 6-dehydrogenase	0.25503987073898315	0.34617698192596436	0.25725236535072327	0.34617698192596436	0.3011615499854088
ccro:CMC5_019120 UDP-N-acetyl-D-glucosamine dehydrogenase	0.27885156869888306	0.39841172099113464	0.3100287616252899	0.39841172099113464	0.34642594307661057
pphr:APZ00_25485 UDP-N-acetyl-D-glucosamine dehydrogenase	0.30397364497184753	0.4408939480781555	0.32917991280555725	0.4408939480781555	0.37873536348342896
bsy:I653_16455 UDP-N-acetyl-D-mannosaminuronate dehydrogenase	0.301622211933136	0.403772234916687	0.2786833643913269	0.403772234916687	0.34696251153945923
ccx:COCOR_05351 wecC; lipopolysaccharide biosynthesis protein	0.2941347658634186	0.3575124144554138	0.3099173605442047	0.3575124144554138	0.32976923882961273
mro:MROS_2690 UDP-glucose/GDP-mannose dehydrogenase-like protein	0.30057260394096375	0.396801233291626	0.3410700261592865	0.396801233291626	0.35881127417087555
bgy:BGLY_0829 UDP-glucose 6-dehydrogenase	0.29746538400650024	0.40627506375312805	0.36202165484428406	0.40627506375312805	0.3680092915892601
scz:ABE83_20055 UDP-N-acetyl-D-glucosamine dehydrogenase	0.30204886198043823	0.42318597435951233	0.356915682554245	0.42318597435951233	0.37633412331342697
bbw:BDW_05945 udpglucose 6-dehydrogenase	0.3068506419658661	0.40726760029792786	0.3624173402786255	0.40726760029792786	0.3709507957100868
bfm:BP422_05700 UDP-N-acetyl-D-glucosamine dehydrogenase	0.3748578429222107	0.46550196409225464	0.39161381125450134	0.46550196409225464	0.42436889559030533
dol:Dole_1818 UDP-glucose/GDP-mannose dehydrogenase	0.3033970892429352	0.392717570066452	0.28704187273979187	0.392717570066452	0.3439685255289078
azl:AZL_f01240 nucleotide-sugar dehydrogenase	0.29217156767845154	0.38082724809646606	0.2717096209526062	0.38082724809646606	0.33138392120599747
xtr:493354 hpgd; hydroxyprostaglandin dehydrogenase 15-(NAD)	0.47126251459121704	0.47894179821014404	0.37304195761680603	0.47894179821014404	0.4505470171570778
epa:110248597 15-hydroxyprostaglandin dehydrogenase [NAD(+)]-like	0.498732328414917	0.4801023304462433	0.4015112817287445	0.498732328414917	0.46976956725120544
sko:100378679 15-hydroxyprostaglandin dehydrogenase [NAD(+)]-like	0.4754599332809448	0.4948067367076874	0.39505553245544434	0.4948067367076874	0.465032234787941
sko:100372221 15-hydroxyprostaglandin dehydrogenase [NAD(+)]-like	0.4409602880477905	0.4031832814216614	0.4014435112476349	0.4409602880477905	0.42163684219121933
sko:102803162 15-hydroxyprostaglandin dehydrogenase [NAD(+)]-like	0.3923397660255432	0.38871973752975464	0.3644754886627197	0.3923397660255432	0.3844686895608902
sko:102802940 15-hydroxyprostaglandin dehydrogenase [NAD(+)]-like	0.4696251153945923	0.4822703003883362	0.4078453779220581	0.4822703003883362	0.4605027735233307
lcm:102352839 HPGD; hydroxyprostaglandin dehydrogenase 15-(NAD)	0.3383704423904419	0.2969925105571747	0.2893139719963074	0.3383704423904419	0.31576184183359146
soc:105208007 15-hydroxyprostaglandin dehydrogenase [NAD(+)]-like	0.5170447826385498	0.48825427889823914	0.406983882188797	0.5170447826385498	0.48233193159103394
soc:105200075 15-hydroxyprostaglandin dehydrogenase [NAD(+)]-like	0.5351995229721069	0.511218786239624	0.4628574252128601	0.5351995229721069	0.5111188143491745
myd:102760950 HPGD; hydroxyprostaglandin dehydrogenase 15-(NAD)	0.4702508747577667	0.46560633182525635	0.37322258949279785	0.4702508747577667	0.4448326677083969
tca:107397659 15-hydroxyprostaglandin dehydrogenase [NAD(+)]-like	0.3414553999900818	0.40689656138420105	0.2832010090351105	0.40689656138420105	0.3596123829483986
pbar:105424587 LOW QUALITY PROTEIN: 15-hydroxyprostaglandin dehydrogenase [NAD(+)]-like	0.36143597960472107	0.3766668736934662	0.35252052545547485	0.3766668736934662	0.3668225631117821
pret:103460018 15-hydroxyprostaglandin dehydrogenase [NAD(+)]-like	0.33106595277786255	0.3682280480861664	0.3351573646068573	0.3682280480861664	0.35066985338926315
nvl:108557406 alcohol dehydrogenase 2-like	0.4491448998451233	0.41695335507392883	0.368677020072937	0.4491448998451233	0.4209800437092781
nvl:108557454 alcohol dehydrogenase-like	0.4233455955982208	0.38866734504699707	0.3648880422115326	0.4233455955982208	0.40006164461374283
nvl:108562958 15-hydroxyprostaglandin dehydrogenase [NAD(+)]-like	0.4525162875652313	0.5268250703811646	0.4211816191673279	0.5268250703811646	0.4818370118737221
nvl:108562959 15-hydroxyprostaglandin dehydrogenase [NAD(+)]-like	0.5178786516189575	0.47964078187942505	0.47054630517959595	0.5178786516189575	0.496486097574234
obo:105276012 15-hydroxyprostaglandin dehydrogenase [NAD(+)]-like	0.45825839042663574	0.5258008241653442	0.4097907841205597	0.5258008241653442	0.479912705719471
ola:101160831 15-hydroxyprostaglandin dehydrogenase [NAD(+)] isoform X1	0.41275086998939514	0.4160064458847046	0.3873545825481415	0.4160064458847046	0.40802958607673645
lak:106175951 15-hydroxyprostaglandin dehydrogenase [NAD(+)]	0.49599310755729675	0.45449820160865784	0.3989638388156891	0.49599310755729675	0.4613620638847351
lak:106172564 15-hydroxyprostaglandin dehydrogenase [NAD(+)]-like isoform X1	0.42301174998283386	0.45230817794799805	0.35390645265579224	0.45230817794799805	0.42038363963365555
myi:110445614 15-hydroxyprostaglandin dehydrogenase [NAD(+)]-like	0.44361013174057007	0.4289460778236389	0.3791569769382477	0.44361013174057007	0.4238308295607567
myi:110453655 15-hydroxyprostaglandin dehydrogenase [NAD(+)]-like	0.5367000699043274	0.5176181197166443	0.45549142360687256	0.5367000699043274	0.5116274207830429
tru:105417439 15-hydroxyprostaglandin dehydrogenase [NAD(+)]-like	0.45781928300857544	0.4583975672721863	0.3853703737258911	0.4583975672721863	0.4399961978197098
aplc:110979080 15-hydroxyprostaglandin dehydrogenase [NAD(+)]-like	0.4520367681980133	0.42961180210113525	0.40403512120246887	0.4520367681980133	0.4344301149249077
aqu:100636048 15-hydroxyprostaglandin dehydrogenase [NAD(+)]-like	0.4714379608631134	0.4523199498653412	0.38473084568977356	0.4714379608631134	0.4449816793203354
mpha:105829764 15-hydroxyprostaglandin dehydrogenase [NAD(+)]-like	0.5144271850585938	0.5219165682792664	0.42117759585380554	0.5219165682792664	0.494859479367733
aec:105146449 15-hydroxyprostaglandin dehydrogenase [NAD(+)]-like	0.5065274238586426	0.4989103078842163	0.3796635568141937	0.5065274238586426	0.4729071781039238
lgi:LOTGIDRAFT_126231 hypothetical protein	0.47033101320266724	0.4349749684333801	0.3880312144756317	0.47033101320266724	0.4409170523285866
mze:101469124 hpgd; 15-hydroxyprostaglandin dehydrogenase [NAD(+)]	0.386528342962265	0.41681408882141113	0.34048205614089966	0.41681408882141113	0.39015964418649673
pmac:106713765 alcohol dehydrogenase 1-like	0.4436402916908264	0.44953104853630066	0.4130592346191406	0.44953104853630066	0.4389404058456421
pmac:106710251 15-hydroxyprostaglandin dehydrogenase [NAD(+)]-like	0.4947701394557953	0.48304128646850586	0.41411975026130676	0.4947701394557953	0.4716753289103508
bim:105680683 15-hydroxyprostaglandin dehydrogenase [NAD(+)]-like isoform X1	0.32733890414237976	0.4353264272212982	0.2973814308643341	0.4353264272212982	0.3738432973623276
bmor:101746647 15-hydroxyprostaglandin dehydrogenase [NAD(+)]-like	0.4460315406322479	0.4793657064437866	0.4247155785560608	0.4793657064437866	0.4573696330189705
bmor:101746934 15-hydroxyprostaglandin dehydrogenase [NAD(+)]-like	0.3896856904029846	0.4083767533302307	0.3483307659626007	0.4083767533302307	0.3886924907565117
bmor:101742233 15-hydroxyprostaglandin dehydrogenase [NAD(+)]-like	0.47921907901763916	0.43386974930763245	0.4101000726222992	0.47921907901763916	0.4506019949913025
bmor:732963 alcohol dehydrogenase	0.3906642496585846	0.4037126302719116	0.33945053815841675	0.4037126302719116	0.38438501209020615
lvs:LOKVESSMR4R_00448 udh; uronate dehydrogenase	0.36591506004333496	0.3232181966304779	0.3036787509918213	0.36591506004333496	0.3396817669272423
pkb:B4V02_08105 NAD-dependent epimerase	0.29270923137664795	0.25450509786605835	0.26886484026908875	0.29270923137664795	0.27719710022211075
pavl:BKM03_06135 NAD(P)-dependent oxidoreductase	0.22158180177211761	0.20735301077365875	0.2767300605773926	0.2767300605773926	0.24559873342514038
sulz:C1J03_06240 NAD(P)-dependent oxidoreductase	0.3162582218647003	0.28626176714897156	0.2856297194957733	0.3162582218647003	0.3011019825935364
pfv:Psefu_0986 NAD-dependent epimerase/dehydratase	0.26256534457206726	0.23446239531040192	0.2875955402851105	0.2875955402851105	0.26805470511317253
para:BTO02_15070 NAD-dependent dehydratase	0.2780880331993103	0.24134688079357147	0.3212103247642517	0.3212103247642517	0.2904638908803463
amyc:CU254_22215 NAD(P)-dependent oxidoreductase	0.22827239334583282	0.2569039463996887	0.25921428203582764	0.25921428203582764	0.2509012259542942
amim:MIM_c34550 putative NAD-dependent epimerase/dehydratase	0.35932305455207825	0.32021579146385193	0.3220472037792206	0.35932305455207825	0.34022727608680725
phm:PSMK_08710 NAD-dependent epimerase/dehydratase family protein	0.3172425329685211	0.3342258334159851	0.3639492392539978	0.3639492392539978	0.34484171122312546
arp:NIES39_D07050 NAD-dependent epimerase/dehydratase	0.2834691107273102	0.29392746090888977	0.2918785512447357	0.29392746090888977	0.29080064594745636
ack:C380_19535 NAD-dependent epimerase/dehydratase	0.26811483502388	0.24026598036289215	0.3006543815135956	0.3006543815135956	0.27742239460349083
sld:T261_6270 Uronate dehydrogenase	0.2914706766605377	0.30498483777046204	0.29546964168548584	0.30498483777046204	0.2992274984717369
prh:LT40_06460 NAD-dependent dehydratase	0.23382233083248138	0.24690744280815125	0.30388346314430237	0.30388346314430237	0.27212417498230934
pmy:Pmen_3299 NAD-dependent epimerase/dehydratase	0.2421133667230606	0.22834698855876923	0.26660701632499695	0.26660701632499695	0.25091859698295593
bum:AXG89_15835 NAD-dependent dehydratase	0.23503857851028442	0.2198360115289688	0.29740288853645325	0.29740288853645325	0.26242009177803993
suli:C1J05_08125 NAD(P)-dependent oxidoreductase	0.31237906217575073	0.2988734841346741	0.2890549302101135	0.31237906217575073	0.30317163467407227
svl:Strvi_6981 NAD-dependent epimerase/dehydratase	0.2669162452220917	0.29405394196510315	0.28728586435317993	0.29405394196510315	0.2855774983763695
agc:BSY240_2208 3-beta hydroxysteroid dehydrogenase/isomerase family protein	0.2893329858779907	0.28741931915283203	0.31249865889549255	0.31249865889549255	0.30043740570545197
boc:BG90_1403 3-beta hydroxysteroid dehydrogenase/isomerase family protein	0.23946596682071686	0.24756862223148346	0.28878217935562134	0.28878217935562134	0.26614973694086075
sfa:Sfla_4918 NAD-dependent epimerase/dehydratase	0.25536614656448364	0.2873874306678772	0.27929696440696716	0.2873874306678772	0.2773594930768013
tom:BWR18_12245 3-beta hydroxysteroid dehydrogenase	0.2763100862503052	0.26071882247924805	0.278498113155365	0.278498113155365	0.2735062837600708
ssx:SACTE_1326 NAD-dependent epimerase/dehydratase	0.26518648862838745	0.2631138861179352	0.25979703664779663	0.26518648862838745	0.2633209750056267
scx:AS200_33700 NAD-dependent dehydratase	0.2608433663845062	0.27356892824172974	0.2782106101512909	0.2782106101512909	0.27270837873220444
cuh:BJN34_30775 NAD-dependent dehydratase	0.2982754111289978	0.27979353070259094	0.3136034905910492	0.3136034905910492	0.3013189807534218
rua:D1823_12900 NAD(P)-dependent oxidoreductase	0.31137779355049133	0.3033311665058136	0.2917024791240692	0.31137779355049133	0.30444730818271637
otm:OSB_27000 NAD dependent epimerase/dehydratase family protein	0.34732192754745483	0.3442693054676056	0.3234526515007019	0.34732192754745483	0.3405914530158043
svt:SVTN_09130 NAD-dependent dehydratase	0.25206491351127625	0.24707265198230743	0.2798389196395874	0.2798389196395874	0.2647038511931896
mtim:DIR46_25260 NAD-dependent dehydratase	0.2805742621421814	0.2874721586704254	0.2841452360153198	0.2874721586704254	0.284915953874588
bfz:BAU07_10795 epimerase	0.28531381487846375	0.2832258343696594	0.28918933868408203	0.28918933868408203	0.2867295816540718
bvv:BHK69_13220 hypothetical protein	0.27690985798835754	0.221199631690979	0.25077423453330994	0.27690985798835754	0.256448395550251
ngl:RG1141_PA10410 NAD dependent epimerase/dehydratase family protein	0.2682138979434967	0.2652735710144043	0.2911011278629303	0.2911011278629303	0.2789224311709404
sclf:BB341_22555 NAD-dependent dehydratase	0.2958657443523407	0.2872384488582611	0.31121495366096497	0.31121495366096497	0.30138352513313293
bue:BRPE67_FCDS00020 NAD dependent epimerase/dehydratase family protein precursor	0.36077681183815	0.2938496172428131	0.2964591383934021	0.36077681183815	0.3279655948281288
oeu:111379906 methylecgonone reductase-like	0.2416677325963974	0.2954537570476532	0.3401930630207062	0.3401930630207062	0.30437690392136574
soe:110782870 non-functional NADPH-dependent codeinone reductase 2-like	0.38559699058532715	0.41331952810287476	0.423505961894989	0.423505961894989	0.411482110619545
cann:107847050 non-functional NADPH-dependent codeinone reductase 2-like	0.3531686067581177	0.36869460344314575	0.41337713599205017	0.41337713599205017	0.38715437054634094
egu:105053147 non-functional NADPH-dependent codeinone reductase 2-like	0.3466525077819824	0.3831119239330292	0.35722440481185913	0.3831119239330292	0.367525190114975
sbi:8086255 non-functional NADPH-dependent codeinone reductase 2	0.3697653114795685	0.3804360330104828	0.437155544757843	0.437155544757843	0.4061281085014343
gmx:100790074 NAD(P)H-dependent 6'-deoxychalcone synthase	0.38967373967170715	0.3982102870941162	0.37146589159965515	0.3982102870941162	0.3893900513648987
cqi:110713857 non-functional NADPH-dependent codeinone reductase 2-like	0.4060889184474945	0.42807626724243164	0.44778063893318176	0.44778063893318176	0.4324316158890724
pvu:PHAVU_007G253700g hypothetical protein	0.4367813169956207	0.40842169523239136	0.4077506363391876	0.4367813169956207	0.4224337413907051
dzi:111317659 non-functional NADPH-dependent codeinone reductase 2-like	0.32454538345336914	0.2937110364437103	0.3902788758277893	0.3902788758277893	0.3497035428881645
cic:CICLE_v10006052mg hypothetical protein	0.29888829588890076	0.28316885232925415	0.369650274515152	0.369650274515152	0.3303394243121147
cic:CICLE_v10021130mg hypothetical protein	0.37336015701293945	0.38560375571250916	0.40118589997291565	0.40118589997291565	0.39033392816782
cic:CICLE_v10032093mg hypothetical protein	0.4392487406730652	0.44393739104270935	0.44422653317451477	0.44422653317451477	0.442909799516201
osa:4335054 probable NAD(P)H-dependent oxidoreductase 1	0.35332000255584717	0.42484205961227417	0.3586376905441284	0.42484205961227417	0.390410453081131
sita:101775059 non-functional NADPH-dependent codeinone reductase 2 isoform X1	0.3787735104560852	0.47275272011756897	0.41382715106010437	0.47275272011756897	0.4345265254378319
rcu:8268143 non-functional NADPH-dependent codeinone reductase 2	0.3688114881515503	0.40500104427337646	0.40320074558258057	0.40500104427337646	0.39550358057022095
aip:107644080 methylecgonone reductase-like	0.49340128898620605	0.36817798018455505	0.42393988370895386	0.49340128898620605	0.44473011046648026
pxb:103957867 NAD(P)H-dependent 6'-deoxychalcone synthase-like	0.4033636748790741	0.44406023621559143	0.4331247806549072	0.44406023621559143	0.43115223199129105
ccaj:109794487 LOW QUALITY PROTEIN: methylecgonone reductase-like	0.43771272897720337	0.36266398429870605	0.41502296924591064	0.43771272897720337	0.41327810287475586
ccaj:109812121 methylecgonone reductase-like	0.34286144375801086	0.3323359489440918	0.3776471018791199	0.3776471018791199	0.3576228991150856
ccaj:109802445 NAD(P)H-dependent 6'-deoxychalcone synthase-like	0.4440314769744873	0.43515875935554504	0.3996068239212036	0.4440314769744873	0.4307071343064308
mesc:110604606 non-functional NADPH-dependent codeinone reductase 2-like	0.4143712818622589	0.39627936482429504	0.39659976959228516	0.4143712818622589	0.4054054245352745
dcr:108195721 non-functional NADPH-dependent codeinone reductase 2-like	0.41185247898101807	0.377289354801178	0.4193795919418335	0.4193795919418335	0.40697525441646576
dcr:108197085 non-functional NADPH-dependent codeinone reductase 2-like	0.4000978171825409	0.36572808027267456	0.40729761123657227	0.40729761123657227	0.39510527998209
ini:109160918 methylecgonone reductase-like	0.3487760126590729	0.41439005732536316	0.3952513635158539	0.41439005732536316	0.39320187270641327
lja:Lj5g3v0529180.1 Lj5g3v0529180.1; -	0.21789869666099548	0.21778512001037598	0.2640913128852844	0.2640913128852844	0.24096661061048508
pda:103713121 deoxymugineic acid synthase 1-D-like	0.46210116147994995	0.40600350499153137	0.46544528007507324	0.46544528007507324	0.44974880665540695
pda:103700145 non-functional NADPH-dependent codeinone reductase 2-like	0.20911461114883423	0.18075716495513916	0.2534036934375763	0.2534036934375763	0.2241697907447815
sot:107058339 methylecgonone reductase-like	0.43985944986343384	0.3896399736404419	0.4255892336368561	0.43985944986343384	0.4237370267510414
mtr:MTR_6g073110 aldo/keto reductase family oxidoreductase	0.4143136441707611	0.3519168496131897	0.38973334431648254	0.4143136441707611	0.3925693705677986
zma:100283694 NAD(P)H-dependent oxidoreductase	0.37443047761917114	0.3794914186000824	0.38825520873069763	0.38825520873069763	0.3826080784201622
vvi:100264447 non-functional NADPH-dependent codeinone reductase 2	0.35757967829704285	0.4168044328689575	0.4188928008079529	0.4188928008079529	0.40304242819547653
dosa:Os04t0447600-01 Os04g0447600; Similar to NADPH-dependent codeinone reductase (EC 1.1.1.247).	0.3604966104030609	0.3432130515575409	0.4699764847755432	0.4699764847755432	0.41091565787792206
nnu:104611101 probable NAD(P)H-dependent oxidoreductase 2	0.2565895617008209	0.2451179027557373	0.3337390422821045	0.3337390422821045	0.2922963872551918
ats:109784549 LOC109784549; probable NAD(P)H-dependent oxidoreductase 1	0.34641894698143005	0.3608366549015045	0.39075425267219543	0.39075425267219543	0.37219102680683136
bdi:100831280 deoxymugineic acid synthase 1-A	0.3624860346317291	0.3352971076965332	0.42964428663253784	0.42964428663253784	0.3892679288983345
mus:103977597 non-functional NADPH-dependent codeinone reductase 2-like	0.37566399574279785	0.39345911145210266	0.4211282730102539	0.4211282730102539	0.4028449133038521
mus:103998029 non-functional NADPH-dependent codeinone reductase 2-like	0.3755466341972351	0.43514612317085266	0.41322553157806396	0.43514612317085266	0.4147661030292511
vph:VPUCM_2282 Erythronate-4-phosphate dehydrogenase	0.3807981312274933	0.4998694658279419	0.34630534052848816	0.4998694658279419	0.4317106008529663
pbas:SMSP2_00486 pdxB; Erythronate-4-phosphate dehydrogenase	0.3076305687427521	0.3719492554664612	0.3238581717014313	0.3719492554664612	0.34384681284427643
asx:CDL62_07220 erythronate-4-phosphate dehydrogenase	0.3298654556274414	0.42951780557632446	0.3204118311405182	0.42951780557632446	0.37732822448015213
eca:ECA3060 pdxB; erythronate-4-phosphate dehydrogenase	0.3794437348842621	0.4732823073863983	0.3828909397125244	0.4732823073863983	0.4272248223423958
pcd:C2E16_14715 4-phosphoerythronate dehydrogenase PdxB	0.3452974855899811	0.4468182325363159	0.3398335874080658	0.4468182325363159	0.3946918845176697
paq:PAGR_g1355 erythronate-4-phosphate dehydrogenase PdxB	0.35812392830848694	0.45871859788894653	0.3838871121406555	0.45871859788894653	0.4148620590567589
pds:CAY62_09785 4-phosphoerythronate dehydrogenase	0.38621020317077637	0.46940508484840393	0.3676111698150635	0.46940508484840393	0.4231578856706619
bzg:C4H11_09540 4-phosphoerythronate dehydrogenase PdxB	0.36438098549842834	0.44363003969192505	0.45068636536598206	0.45068636536598206	0.4273459389805794
ajn:BVL33_13180 erythronate-4-phosphate dehydrogenase	0.3550173342227936	0.46915358304977417	0.38177770376205444	0.46915358304977417	0.4187755510210991
plq:AA042_01555 4-phosphoerythronate dehydrogenase	0.32362592220306396	0.52773517370224	0.389851838350296	0.52773517370224	0.44223702698946
caf:AL524_10515 4-phosphoerythronate dehydrogenase PdxB	0.34588363766670227	0.47226428985595703	0.36862704157829285	0.47226428985595703	0.4147598147392273
kco:BWI95_21195 4-phosphoerythronate dehydrogenase PdxB	0.37720414996147156	0.4620915949344635	0.35600197315216064	0.4620915949344635	0.4143473282456398
ypk:y1597 pdxB; erythronate-4-phosphate dehydrogenase	0.337405264377594	0.5464123487472534	0.37614667415618896	0.5464123487472534	0.45159415900707245
eam:EAMY_2413 pdxB; erythronate-4-phosphate dehyrogenase	0.37496909499168396	0.49397391080856323	0.4104920029640198	0.49397391080856323	0.44335222989320755
vni:VIBNI_A0800 pdxB; erythronate-4-phosphate dehydrogenase	0.36943960189819336	0.47159066796302795	0.3499101996421814	0.47159066796302795	0.41563278436660767
lha:LHA_2190 pdxB; Erythronate-4-phosphate dehydrogenase	0.2879596948623657	0.44168663024902344	0.3908858001232147	0.44168663024902344	0.39055468887090683
com:CMT41_13255 erythronate-4-phosphate dehydrogenase	0.2924637198448181	0.3966307044029236	0.3801004886627197	0.3966307044029236	0.36645640432834625
tig:THII_2803 phosphoglycerate dehydrogenase-like oxidoreductase	0.35925227403640747	0.5126082897186279	0.4067472517490387	0.5126082897186279	0.4478040263056755
ppz:H045_04245 erythronate-4-phosphate dehydrogenase	0.33330100774765015	0.4759584367275238	0.3910331726074219	0.4759584367275238	0.4190627634525299
psj:PSJM300_11275 erythronate-4-phosphate dehydrogenase	0.3335147798061371	0.5097962021827698	0.38377174735069275	0.5097962021827698	0.43421973288059235
apac:S7S_07500 erythronate-4-phosphate dehydrogenase	0.3595788776874542	0.45165273547172546	0.3707129955291748	0.45165273547172546	0.40839933604002
acx:Achr_17990 pdxB; Erythronate-4-phosphate dehydrogenase	0.3519783914089203	0.48386818170547485	0.3700506091117859	0.48386818170547485	0.42244134098291397
rbc:BN938_2257 Erythronate-4-phosphate dehydrogenase	0.3054078221321106	0.39962413907051086	0.3412230908870697	0.39962413907051086	0.3614697977900505
salh:HMF8227_01955 pdxB; 4-phosphoerythronate dehydrogenase	0.38242462277412415	0.5385963320732117	0.4134885370731354	0.5385963320732117	0.4682764559984207
pbu:L21SP3_01718 pdxB; Erythronate-4-phosphate dehydrogenase	0.31022539734840393	0.4358592927455902	0.35216715931892395	0.4358592927455902	0.3835277855396271
lcd:clem_04410 pdxB; Erythronate-4-phosphate dehydrogenase	0.3305845856666565	0.432184636592865	0.40533339977264404	0.432184636592865	0.40007181465625763
psa:PST_1818 pdxB; erythronate-4-phosphate dehydrogenase	0.27903610467910767	0.42126935720443726	0.29760631918907166	0.42126935720443726	0.35479528456926346
hco:LOKO_02657 pdxB; Erythronate-4-phosphate dehydrogenase	0.3792087435722351	0.4653635025024414	0.4302930235862732	0.4653635025024414	0.4350571930408478
cola:DBO93_04460 4-phosphoerythronate dehydrogenase	0.32572656869888306	0.4612542688846588	0.34634292125701904	0.4612542688846588	0.39864450693130493
spoi:IMCC21906_02192 phosphoglycerate dehydrogenase-like oxidoreductase	0.39840322732925415	0.4576778709888458	0.39082470536231995	0.4576778709888458	0.42614591866731644
plz:S4054249_17105 erythronate-4-phosphate dehydrogenase	0.3405838906764984	0.47014346718788147	0.3290500342845917	0.47014346718788147	0.40248021483421326
pbp:STSP1_01816 pdxB; Erythronate-4-phosphate dehydrogenase	0.3463347256183624	0.4624779224395752	0.3945111036300659	0.4624779224395752	0.4164504185318947
zal:AZF00_09700 hypothetical protein	0.3852201998233795	0.4576738476753235	0.35485780239105225	0.4576738476753235	0.4138564243912697
tci:A7K98_13795 4-phosphoerythronate dehydrogenase	0.32805123925209045	0.4730287790298462	0.3515445291996002	0.4730287790298462	0.40641333162784576
mars:A8C75_07250 erythronate-4-phosphate dehydrogenase	0.3066476583480835	0.46792513132095337	0.3611406087875366	0.46792513132095337	0.4009096324443817
bcel:BcellWH2_02474 pdxB; Erythronate-4-phosphate dehydrogenase	0.38404542207717896	0.4401393234729767	0.406440407037735	0.4401393234729767	0.4176911190152168
vga:BSQ33_03995 4-phosphoerythronate dehydrogenase	0.3790235221385956	0.49334976077079773	0.35870805382728577	0.49334976077079773	0.4311077743768692
mby:MSBRM_3306 Diaminohydroxyphosphoribosylaminopyrimidine deaminase	0.2707737982273102	0.3143951892852783	0.26492080092430115	0.3143951892852783	0.291121244430542
ave:Arcve_0930 2,5-diamino-6-hydroxy-4-(5-phosphoribosylamino) pyrimidine1-reductase	0.27854931354522705	0.35640284419059753	0.33063775300979614	0.35640284419059753	0.33049818873405457
cten:CANTEDRAFT_123893 hypothetical protein	0.20860804617404938	0.2642142176628113	0.2656117081642151	0.2656117081642151	0.2510114200413227
aman:B6F84_07245 2,5-diamino-6-(ribosylamino)-4(3H)-pyrimidinone 5'-phosphate reductase	0.24292400479316711	0.3003722131252289	0.27823853492736816	0.3003722131252289	0.28047674149274826
abri:DFR85_07680 2,5-diamino-6-(ribosylamino)-4(3H)-pyrimidinone 5'-phosphate reductase	0.23430220782756805	0.2884601056575775	0.28912463784217834	0.28912463784217834	0.27525289729237556
rbn:RBXJA2T_00325 bifunctional deaminase-reductase domain protein	0.2871938645839691	0.34299713373184204	0.288429856300354	0.34299713373184204	0.3154044970870018
mmac:MSMAC_0498 5-amino-6-(5-phosphoribosylamino)uracil reductase	0.2572531998157501	0.3129812180995941	0.29205775260925293	0.3129812180995941	0.2938183471560478
pgu:PGUG_02766 hypothetical protein	0.3022800087928772	0.36482757329940796	0.33371806144714355	0.36482757329940796	0.34141330420970917
nid:NPIRD3C_0441 ribD; 2,5-diamino-6-ribosylamino-4(3H)-pyrimidinone 5'-phosphate reductase	0.2708991467952728	0.31946101784706116	0.3081493675708771	0.31946101784706116	0.30449263751506805
kmx:KLMA_40225 RIB7; 5-amino-6-(5-phosphoribosylamino)uracil reductase	0.27906739711761475	0.30498558282852173	0.3537752032279968	0.3537752032279968	0.32290084660053253
nct:NMSP_1553 arfC; 2,5-diamino-6-ribosylamino-4(3H)-pyrimidinone 5'-phosphate reductase	0.2572576403617859	0.29158976674079895	0.31610560417175293	0.31610560417175293	0.2952646538615227
metm:MSMTP_0527 5-amino-6-(5-phosphoribosylamino)uracil reductase	0.2518148720264435	0.35434913635253906	0.29156693816185	0.35434913635253906	0.3130200207233429
mpd:MCP_1048 2,5-diamino-6-hydroxy-4-(5-phosphoribosylamino) pyrimidine reductase	0.2190340906381607	0.2737480401992798	0.23572173714637756	0.2737480401992798	0.25056297704577446
mpl:Mpal_2094 bifunctional deaminase-reductase domain protein	0.22824546694755554	0.27057498693466187	0.2628660202026367	0.27057498693466187	0.258065365254879
mth:MTH_235 riboflavin-specific deaminase	0.25037118792533875	0.3171777129173279	0.28285083174705505	0.3171777129173279	0.2918943613767624
cdu:CD36_11990 5-amino-6-(5-phosphoribosylamino)uracil reductase, putative	0.25203633308410645	0.3189489543437958	0.2535422444343567	0.3189489543437958	0.28586912155151367
ncv:NCAV_0047 2,5-diamino-6-ribosylamino-4(3H)-pyrimidinone 5'-phosphate reductase	0.23500213027000427	0.2416413277387619	0.25933384895324707	0.25933384895324707	0.24882778897881508
mthr:MSTHT_1760 Diaminohydroxyphosphoribosylaminopyrimidine deaminase	0.25433143973350525	0.3359184265136719	0.28689417243003845	0.3359184265136719	0.30326561629772186
csy:CENSYa_1759 riboflavin specific deaminase	0.25708475708961487	0.3435797691345215	0.29909056425094604	0.3435797691345215	0.31083371490240097
mhi:Mhar_1003 Diaminohydroxyphosphoribosylaminopyrimidine reductase	0.28787222504615784	0.3091239929199219	0.301810622215271	0.3091239929199219	0.30198270827531815
cmt:CCM_05336 riboflavin biosynthesis protein Rib7	0.2700193226337433	0.33448535203933716	0.29633018374443054	0.33448535203933716	0.30883005261421204
lel:LELG_03576 5-amino-6-(5-phosphoribosylamino)uracil reductase	0.27794957160949707	0.35663631558418274	0.35943156480789185	0.35943156480789185	0.3383622542023659
cgi:CGB_A7040W hypothetical protein	0.21441704034805298	0.3094753623008728	0.24170362949371338	0.3094753623008728	0.268767848610878
scm:SCHCODRAFT_71199 hypothetical protein	0.18827608227729797	0.2870086133480072	0.23626704514026642	0.2870086133480072	0.2496400885283947
mhu:Mhun_0807 5-amino-6-(5-phosphoribosylamino)uracil reductase	0.1948763132095337	0.24798502027988434	0.24965918064117432	0.24965918064117432	0.23554492369294167
hbo:Hbor_18920 2,5-diamino-6-(5-phosphoribosylamino)pyrimidin-4(3H)-one reductase	0.23631320893764496	0.32184433937072754	0.2908605933189392	0.32184433937072754	0.2927156202495098
ani:AN6979.2 hypothetical protein	0.2761296033859253	0.33994048833847046	0.3662756681442261	0.3662756681442261	0.337155357003212
pcs:Pc12g01420 Pc12g01420	0.22786490619182587	0.27912744879722595	0.2431640326976776	0.27912744879722595	0.25732095912098885
pis:Pisl_0385 2,5-diamino-6-(5-phosphoribosylamino)pyrimidin-4(3H)-one reductase	0.2787712812423706	0.352731317281723	0.29591691493988037	0.352731317281723	0.32003770768642426
mem:Memar_2026 2,5-diamino-6-(5-phosphoribosylamino)pyrimidin-4(3H)-one reductase	0.28683218359947205	0.33305829763412476	0.27061745524406433	0.33305829763412476	0.30589155852794647
mhz:Metho_2197 2,5-diamino-6-hydroxy-4-(5-phosphoribosylamino)pyrimidine 1'-reductase	0.252128928899765	0.319671630859375	0.26397430896759033	0.319671630859375	0.28886162489652634
ncs:NCAS_0C00980 NCAS0C00980; hypothetical protein	0.30497655272483826	0.376677542924881	0.36633580923080444	0.376677542924881	0.35616686195135117
ssck:SPSK_06521 hypothetical protein	0.25588259100914	0.34738674759864807	0.3259640634059906	0.34738674759864807	0.3191550374031067
cten:CANTEDRAFT_95294 NAD(P)-binding protein	0.2627984583377838	0.32884037494659424	0.3015272319316864	0.32884037494659424	0.3055016100406647
masy:DPH57_11485 NADP-dependent 3-hydroxy acid dehydrogenase	0.2645794451236725	0.30102860927581787	0.29012054204940796	0.30102860927581787	0.28918930143117905
psta:BGK56_03260 NADP-dependent 3-hydroxy acid dehydrogenase	0.2850019931793213	0.32210633158683777	0.2999550402164459	0.32210633158683777	0.3072924241423607
slb:AWJ20_2229 oxidoreductase	0.15342555940151215	0.1563805639743805	0.21476534008979797	0.21476534008979797	0.18483420088887215
acp:A2cp1_1198 short-chain dehydrogenase/reductase SDR	0.34237000346183777	0.3446638584136963	0.3578379154205322	0.3578379154205322	0.3506774231791496
dsq:DICSQDRAFT_77596 NAD(P)-binding protein	0.32661259174346924	0.349130779504776	0.39843305945396423	0.39843305945396423	0.3681523725390434
ebt:EBL_c21590 ydfG; NADP-dependent l-serine/l-allo-threonine dehydrogenase Ydfg	0.28907179832458496	0.32182297110557556	0.3231993615627289	0.3231993615627289	0.31432337313890457
kaf:KAFR_0B03360 KAFR0B03360; hypothetical protein	0.27297061681747437	0.37601369619369507	0.36226627230644226	0.37601369619369507	0.3468160703778267
hpaz:K756_11235 NADP-dependent dehydrogenase	0.35102835297584534	0.38871800899505615	0.3827637732028961	0.38871800899505615	0.37780703604221344
mpr:MPER_02931 hypothetical protein	0.23040561378002167	0.20152921974658966	0.266871839761734	0.266871839761734	0.24141962826251984
scl:sce8093 putative oxidoreductase	0.29059645533561707	0.3843151032924652	0.34954124689102173	0.3843151032924652	0.3521919772028923
bgj:AWC36_07615 NAD(P)-dependent oxidoreductase	0.2730214297771454	0.32317590713500977	0.31366103887557983	0.32317590713500977	0.3082585707306862
gap:GAPWK_0466 putative oxidoreductase	0.3314613997936249	0.34196823835372925	0.33957457542419434	0.34196823835372925	0.3387431129813194
tmn:UCRPA7_542 putative oxidoreductase protein	0.2763137221336365	0.3686941862106323	0.32222625613212585	0.3686941862106323	0.33398208767175674
ndi:NDAI_0K01000 NDAI0K01000; hypothetical protein	0.30833178758621216	0.37838980555534363	0.379924476146698	0.379924476146698	0.36164263635873795
psco:LY89DRAFT_692212 NAD(P)-binding protein	0.27930936217308044	0.35711389780044556	0.3605950176715851	0.3605950176715851	0.33940332382917404
gxy:GLX_11250 oxidoreductase	0.3493196964263916	0.40775787830352783	0.3472081124782562	0.40775787830352783	0.3780108913779259
cput:CONPUDRAFT_79879 NAD(P)-binding protein	0.30089157819747925	0.3010927140712738	0.3541150987148285	0.3541150987148285	0.3275536224246025
tmo:TMO_1695 ydfG; short-chain dehydrogenase/reductase SDR	0.20257727801799774	0.1861630380153656	0.2154555767774582	0.2154555767774582	0.20491286739706993
pfy:PFICI_07874 oxidoreductase	0.29936474561691284	0.4274792969226837	0.3795878291130066	0.4274792969226837	0.3834777921438217
smp:SMAC_03789 uncharacterized protein	0.27916157245635986	0.34220436215400696	0.29866132140159607	0.34220436215400696	0.31555790454149246
mlr:MELLADRAFT_45347 hypothetical protein	0.3712838292121887	0.37401753664016724	0.4232145845890045	0.4232145845890045	0.39793263375759125
cpau:EHF44_16030 ydfG; bifunctional NADP-dependent 3-hydroxy acid dehydrogenase/3-hydroxypropionate dehydrogenase YdfG	0.3142573833465576	0.3400009870529175	0.32853078842163086	0.3400009870529175	0.33069753646850586
salv:SALWKB2_0692 3-hydroxypropionate dehydrogenase	0.32006657123565674	0.33023229241371155	0.31342196464538574	0.33023229241371155	0.3234882801771164
psos:POS17_3972 short-chain dehydrogenase	0.3119713366031647	0.35143500566482544	0.3461143970489502	0.35143500566482544	0.34023893624544144
dda:Dd703_1893 short-chain dehydrogenase/reductase SDR	0.2924595773220062	0.34838640689849854	0.3186843991279602	0.34838640689849854	0.3269791975617409
ani:AN0618.2 hypothetical protein	0.23678268492221832	0.33841103315353394	0.33911582827568054	0.33911582827568054	0.31335634365677834
gqu:AWC35_23495 NAD(P)-dependent oxidoreductase	0.24475806951522827	0.2515227794647217	0.2886398136615753	0.2886398136615753	0.26839011907577515
pnu:Pnuc_0373 short-chain dehydrogenase/reductase SDR	0.28514909744262695	0.2998928725719452	0.32706108689308167	0.32706108689308167	0.30979103595018387
masw:AM586_09355 NAD(P)-dependent oxidoreductase	0.30046314001083374	0.3916042149066925	0.3545108735561371	0.3916042149066925	0.35954561084508896
bfu:BCIN_12g05190 hypothetical protein	0.25728970766067505	0.35331082344055176	0.3391575813293457	0.35331082344055176	0.32576723396778107
stro:STRMOE7_17040 short-chain dehydrogenase	0.4778514802455902	0.39248359203338623	0.38242435455322266	0.4778514802455902	0.4326527267694473
amz:B737_2399 3-alpha(or 20-beta)-hydroxysteroid dehydrogenase	0.40840137004852295	0.38226771354675293	0.34620943665504456	0.40840137004852295	0.38631997257471085
spht:K426_28100 2O-beta-hydroxysteroid dehydrogenase	0.3786485493183136	0.4093247950077057	0.3369370102882385	0.4093247950077057	0.3835587874054909
strc:AA958_24355 3-alpha-hydroxysteroid dehydrogenase	0.3497888147830963	0.340119332075119	0.30217036604881287	0.3497888147830963	0.33546683192253113
gor:KTR9_0248 short-chain dehydorgenase/reductase	0.3710508644580841	0.4005604386329651	0.31560567021369934	0.4005604386329651	0.3719443529844284
lpd:AYR62_00725 hypothetical protein	0.32006433606147766	0.333194375038147	0.2883753776550293	0.333194375038147	0.3187071159482002
rhb:NY08_3965 3-oxoacyl-[acyl-carrier protein] reductase	0.3597816526889801	0.37587806582450867	0.2758226692676544	0.37587806582450867	0.34684011340141296
mgi:Mflv_4505 short-chain dehydrogenase/reductase SDR	0.4066706597805023	0.4082191586494446	0.3200637996196747	0.4082191586494446	0.38579319417476654
mte:CCDC5079_1849 20-beta-hydroxysteroid dehydrogenase fabG3	0.40572136640548706	0.3874419629573822	0.3300233483314514	0.40572136640548706	0.38222701102495193
axl:AXY_05670 oxidoreductase	0.3458513021469116	0.38534653186798096	0.3228224217891693	0.38534653186798096	0.3598416969180107
ido:I598_0831 fabG3; 3-alpha-(or 20-beta)-hydroxysteroid dehydrogenase	0.36806049942970276	0.3865578770637512	0.31049662828445435	0.3865578770637512	0.3629182204604149
sch:Sphch_3068 3-alpha-(or 20-beta)-hydroxysteroid dehydrogenase	0.4540991485118866	0.4026125967502594	0.36590877175331116	0.4540991485118866	0.41917991638183594
stp:Strop_2631 short-chain dehydrogenase/reductase SDR	0.38286092877388	0.3964920938014984	0.2914053201675415	0.3964920938014984	0.3668126091361046
sro:Sros_1990 short-chain dehydrogenase/reductase SDR	0.35862645506858826	0.34531018137931824	0.3171176314353943	0.35862645506858826	0.34492018073797226
cphy:B5808_20160 3-alpha-hydroxysteroid dehydrogenase	0.40704306960105896	0.4395529329776764	0.341654509305954	0.4395529329776764	0.40695086121559143
svl:Strvi_1003 short-chain dehydrogenase/reductase SDR	0.3955095410346985	0.4145972430706024	0.3482651114463806	0.4145972430706024	0.393242284655571
mhas:MHAS_01896 fabG3; 3-alpha-(or 20-beta)-hydroxysteroid dehydrogenase	0.3986797630786896	0.48771464824676514	0.353931188583374	0.48771464824676514	0.43201006203889847
rpy:Y013_13845 3-alpha-hydroxysteroid dehydrogenase	0.33590593934059143	0.3192683160305023	0.31001415848731995	0.33590593934059143	0.3252735882997513
spmi:K663_16040 2O-beta-hydroxysteroid dehydrogenase	0.3849007785320282	0.3564153015613556	0.3411716818809509	0.3849007785320282	0.36684713512659073
mft:XA26_32940 3-alpha-(or 20-beta)-hydroxysteroid dehydrogenase	0.42345237731933594	0.42711949348449707	0.3453505337238312	0.42711949348449707	0.4057604745030403
ypac:CEW88_22185 cyclopentanol dehydrogenase	0.3419155180454254	0.39457592368125916	0.34720703959465027	0.39457592368125916	0.3695686012506485
ams:AMIS_21770 putative short-chain dehydrogenase	0.36514344811439514	0.41877517104148865	0.3219669461250305	0.41877517104148865	0.38116518408060074
pdg:BCM40_00895 oxidoreductase	0.37070780992507935	0.42394164204597473	0.348597913980484	0.42394164204597473	0.3917972519993782
strm:M444_15505 short-chain dehydrogenase	0.3378077745437622	0.3421543538570404	0.30595043301582336	0.3421543538570404	0.3320167288184166
ndk:I601_0636 fabG3_2; 3-alpha-(or 20-beta)-hydroxysteroid dehydrogenase	0.4248339533805847	0.36921069025993347	0.3265794813632965	0.4248339533805847	0.38636451959609985
arth:C3B78_08890 3-alpha-hydroxysteroid dehydrogenase	0.3756607174873352	0.3935720920562744	0.31887146830558777	0.3935720920562744	0.37041909247636795
slx:SLAV_25060 3-alpha-(or 20-beta)-hydroxysteroid dehydrogenase	0.38651496171951294	0.397930771112442	0.3202264606952667	0.397930771112442	0.3756507411599159
cga:Celgi_0772 short-chain dehydrogenase/reductase SDR	0.39226117730140686	0.4311494827270508	0.3453168272972107	0.4311494827270508	0.3999692425131798
scb:SCAB_52021 putative oxidoreductase	0.40533560514450073	0.3879319727420807	0.32903268933296204	0.40533560514450073	0.38190896809101105
svt:SVTN_35940 3-alpha-hydroxysteroid dehydrogenase	0.37758535146713257	0.43573489785194397	0.35617756843566895	0.43573489785194397	0.40130817890167236
miz:BAB75_26335 3-alpha-hydroxysteroid dehydrogenase	0.3901054263114929	0.385305255651474	0.3126184046268463	0.3901054263114929	0.36953362822532654
pln:Plano_2867 oxidoreductase	0.4117274284362793	0.42118799686431885	0.3558960258960724	0.42118799686431885	0.40249986201524734
nsr:NS506_06833 3(or 17)-beta-hydroxysteroid dehydrogenase	0.3862917721271515	0.379010945558548	0.31078726053237915	0.3862917721271515	0.3655954375863075
lbn:LBUCD034_0661 short chain dehydrogenase	0.34696492552757263	0.34406307339668274	0.3138870298862457	0.34696492552757263	0.33796998858451843
mphl:MPHLCCUG_02464 fabG3_1; 3-alpha-(or 20-beta)-hydroxysteroid dehydrogenase	0.3673657774925232	0.37731096148490906	0.3759461045265198	0.37731096148490906	0.37448345124721527
spkc:KC8_14445 short-chain dehydrogenase/reductase SDR	0.3580855131149292	0.3866780400276184	0.3350725769996643	0.3866780400276184	0.3666285425424576
rbar:AWN76_010960 hypothetical protein	0.2887006402015686	0.3821970224380493	0.42405661940574646	0.42405661940574646	0.3797527253627777
kpk:A593_14080 altronate oxidoreductase	0.294086754322052	0.3103841245174408	0.4798804521560669	0.4798804521560669	0.39105794578790665
fjo:Fjoh_4259 tagaturonate reductase	0.2894195020198822	0.34420061111450195	0.42521730065345764	0.42521730065345764	0.37101367861032486
run:DR864_19840 altronate oxidoreductase	0.3119833767414093	0.38128170371055603	0.37728196382522583	0.38128170371055603	0.3629571869969368
eca:ECA0646 uxaB1; altronate oxidoreductase	0.28750646114349365	0.335308313369751	0.4602277874946594	0.4602277874946594	0.38581758737564087
six:BSY16_3157 mannitol dehydrogenase Rossmann domain protein	0.28840410709381104	0.3194902241230011	0.39586153626441956	0.39586153626441956	0.3499043509364128
pkb:B4V02_14565 altronate oxidoreductase	0.3527795076370239	0.4032106101512909	0.4665330946445465	0.4665330946445465	0.42226407676935196
ata:AWN88_18925 D-mannonate oxidoreductase	0.3100094795227051	0.399255633354187	0.41280442476272583	0.41280442476272583	0.38371849060058594
sgp:SpiGrapes_1979 mannitol-1-phosphate/altronate dehydrogenase	0.3219199776649475	0.2966916859149933	0.4077035188674927	0.4077035188674927	0.35850467532873154
ccb:Clocel_2251 Mannitol dehydrogenase domain	0.2702951729297638	0.29616907238960266	0.4325546324253082	0.4325546324253082	0.3578933775424957
bsa:Bacsa_0708 Altronate oxidoreductase	0.27626529335975647	0.343341201543808	0.40530088543891907	0.40530088543891907	0.35755206644535065
eclg:EC036_21610 altronate oxidoreductase	0.3170253336429596	0.3470708429813385	0.45371225476264954	0.45371225476264954	0.3928801715373993
paeh:H70357_25545 altronate oxidoreductase	0.2829034924507141	0.3521311581134796	0.3704630136489868	0.3704630136489868	0.34399016946554184
pleo:OHA_1_04258 uxaB; altronate oxidoreductase	0.2806788384914398	0.35658982396125793	0.42398351430892944	0.42398351430892944	0.37130892276763916
pdt:Prede_2292 mannitol-1-phosphate/altronate dehydrogenase	0.31442829966545105	0.37716376781463623	0.4660014808177948	0.4660014808177948	0.4058987572789192
tae:TepiRe1_1705 uxaB; Altronate oxidoreductase	0.3560025095939636	0.40529024600982666	0.45845142006874084	0.45845142006874084	0.419548898935318
efm:M7W_2504 Altronate oxidoreductase	0.2854889929294586	0.3307637572288513	0.39920341968536377	0.39920341968536377	0.35366489738225937
est:DN752_22215 tagaturonate reductase	0.30461829900741577	0.32865220308303833	0.44796222448349	0.44796222448349	0.3822987377643585
byl:A4V09_13945 altronate oxidoreductase	0.32830360531806946	0.42131808400154114	0.40890663862228394	0.42131808400154114	0.3949616029858589
bamb:BAPNAU_2549 uxaB; tagaturonate reductase	0.2720528244972229	0.29579439759254456	0.4187820255756378	0.4187820255756378	0.3513528183102608
sli:Slin_1247 mannitol dehydrogenase domain-containing protein	0.2800779938697815	0.33708301186561584	0.33048418164253235	0.33708301186561584	0.3211820498108864
tpro:Ga0080559_TMP2185 tagaturonate reductase	0.27840179204940796	0.30224528908729553	0.40219801664352417	0.40219801664352417	0.34626077860593796
fbt:D770_01055 altronate oxidoreductase	0.21713779866695404	0.29299333691596985	0.3930617868900299	0.3930617868900299	0.3240636773407459
dfe:Dfer_4128 Mannitol dehydrogenase domain	0.25070181488990784	0.4235505759716034	0.3139205574989319	0.4235505759716034	0.3529308810830116
sbu:SpiBuddy_3010 Tagaturonate reductase	0.24900119006633759	0.2871312201023102	0.25106680393218994	0.2871312201023102	0.26858260855078697
pstw:DSJ_21165 altronate oxidoreductase	0.32056671380996704	0.35394346714019775	0.41686031222343445	0.41686031222343445	0.3770577013492584
seon:BWZ22_10005 altronate oxidoreductase	0.32193583250045776	0.3803389370441437	0.4197896420955658	0.4197896420955658	0.38546351343393326
ppsy:AOC04_01260 D-mannonate oxidoreductase	0.29819148778915405	0.3731548488140106	0.42115384340286255	0.42115384340286255	0.37841350585222244
aqd:D1816_09335 tagaturonate reductase	0.2907027006149292	0.31161341071128845	0.41639700531959534	0.41639700531959534	0.3587775304913521
lby:Lbys_1620 Mannitol dehydrogenase domain	0.2436436116695404	0.322571337223053	0.3838745355606079	0.3838745355606079	0.3334910050034523
med:MELS_0553 mannitol dehydrogenase domain protein	0.3022126257419586	0.38742920756340027	0.4220227897167206	0.4220227897167206	0.3834218531847
prn:BW723_03490 altronate oxidoreductase	0.28922978043556213	0.34877902269363403	0.4295668601989746	0.4295668601989746	0.37428563088178635
ege:EM595_3033 uxaB; Altronate oxidoreductase	0.2774524390697479	0.3374914824962616	0.41627705097198486	0.41627705097198486	0.3618745058774948
ral:Rumal_2177 Mannitol dehydrogenase domain	0.31176695227622986	0.40020373463630676	0.3704458475112915	0.40020373463630676	0.3706550672650337
chrs:EAG08_06740 tagaturonate reductase	0.29549640417099	0.3621942102909088	0.4143730700016022	0.4143730700016022	0.3716091886162758
amt:Amet_0555 Mannitol dehydrogenase, C-terminal domain	0.25471776723861694	0.30152663588523865	0.4006897509098053	0.4006897509098053	0.33940597623586655
txy:Thexy_2049 Altronate oxidoreductase	0.2681531012058258	0.31243160367012024	0.41900908946990967	0.41900908946990967	0.35465072095394135
bly:A2T55_13135 mannitol dehydrogenase	0.3074634373188019	0.38680389523506165	0.3155912458896637	0.38680389523506165	0.3491656184196472
chry:CEY12_07395 mannitol dehydrogenase	0.34732380509376526	0.39261776208877563	0.4074985682964325	0.4074985682964325	0.38873467594385147
zmc:A265_01681 por; Polyol:NADP oxidoreductase	0.34464123845100403	0.3734886646270752	0.3747221529483795	0.3747221529483795	0.36689355224370956
aper:A0U91_03055 mannitol dehydrogenase	0.29427120089530945	0.33212223649024963	0.374661386013031	0.374661386013031	0.3439290523529053
ead:OV14_3995 mannitol dehydrogenase	0.26167652010917664	0.2655264139175415	0.31098222732543945	0.31098222732543945	0.28729184716939926
ssck:SPSK_04249 mannitol 2-dehydrogenase	0.2793879806995392	0.332768052816391	0.2957778871059418	0.332768052816391	0.31017549335956573
lvn:BWR22_12290 mannitol dehydrogenase	0.3155818283557892	0.33383792638778687	0.28479668498039246	0.33383792638778687	0.31701359152793884
afs:AFR_25800 mannitol-1-phosphate/altronate dehydrogenase	0.2718384265899658	0.3053276538848877	0.31959331035614014	0.31959331035614014	0.30408817529678345
apn:Asphe3_10290 mannitol-1-phosphate/altronate dehydrogenase	0.2557206153869629	0.3080216348171234	0.2394271343946457	0.3080216348171234	0.27779775485396385
ara:Arad_4011 mtlK; mannitol 2-dehydrogenase protein	0.3687501847743988	0.3594541549682617	0.32367536425590515	0.3687501847743988	0.3551574721932411
gry:D7I44_07220 mannitol dehydrogenase family protein	0.31659919023513794	0.3734924793243408	0.30475109815597534	0.3734924793243408	0.34208381175994873
act:ACLA_078730 mannitol dehydrogenase, putative	0.3579767644405365	0.4132976233959198	0.386433482170105	0.4132976233959198	0.39275137335062027
rhp:LPB142_03215 mannitol dehydrogenase	0.288206547498703	0.3691878616809845	0.314582496881485	0.3691878616809845	0.33529119193553925
mav:MAV_4838 mannitol 2-dehydrogenase	0.2719620168209076	0.34268924593925476	0.30331745743751526	0.34268924593925476	0.3151644915342331
serj:SGUI_0027 Multiple polyol-specific dehydrogenase	0.2646130323410034	0.35488104820251465	0.3079651892185211	0.35488104820251465	0.32058507949113846
pfn:HZ99_03900 mannitol dehydrogenase	0.37377655506134033	0.35318538546562195	0.34577545523643494	0.37377655506134033	0.3616284877061844
pde:Pden_4177 Mannitol dehydrogenase, C-terminal domain	0.3068740963935852	0.3316602408885956	0.3222678005695343	0.3316602408885956	0.32311559468507767
pcp:JM49_15720 mannitol dehydrogenase	0.3079308569431305	0.340674489736557	0.3214889466762543	0.340674489736557	0.3276921957731247
obt:OPIT5_19085 mannitol 2-dehydrogenase	0.28001654148101807	0.3057428002357483	0.3058629333972931	0.3058629333972931	0.29937130212783813
ddr:Deide_3p02120 putative mannitol 2-dehydrogenase	0.3057488203048706	0.356801301240921	0.33765527606010437	0.356801301240921	0.33925167471170425
mph:MLP_35300 putative mannitol dehydrogenase	0.30803513526916504	0.3665768504142761	0.3219171464443207	0.3665768504142761	0.3407764956355095
seon:BWZ22_00640 mannitol dehydrogenase	0.28868621587753296	0.3039000630378723	0.3541853129863739	0.3541853129863739	0.32523922622203827
mara:D0851_06970 mannitol dehydrogenase family protein	0.3446158170700073	0.4259782135486603	0.39120155572891235	0.4259782135486603	0.39694344997406006
rsq:Rsph17025_1685 Mannitol dehydrogenase, C-terminal domain	0.28602200746536255	0.35699814558029175	0.33359864354133606	0.35699814558029175	0.3334042355418205
pfy:PFICI_03322 Mannitol 2-dehydrogenase	0.3019222319126129	0.35056471824645996	0.2855253219604492	0.35056471824645996	0.3221442475914955
deq:XM25_04200 Multiple polyol-specific dehydrogenase	0.33320268988609314	0.3585376739501953	0.3270964026451111	0.3585376739501953	0.3443436101078987
cpip:CJF12_01225 mannitol dehydrogenase family protein	0.30811411142349243	0.3641066253185272	0.41735726594924927	0.41735726594924927	0.37673381716012955
maad:AZF01_19955 mannitol dehydrogenase	0.35768741369247437	0.34411630034446716	0.35470256209373474	0.35768741369247437	0.35354842245578766
camu:CA2015_0039 Putative mannitol permease	0.3144659101963043	0.3075330853462219	0.29404720664024353	0.3144659101963043	0.3076280280947685
mars:A8C75_01530 mannitol dehydrogenase	0.24930569529533386	0.3234148621559143	0.2664109170436859	0.3234148621559143	0.2906365841627121
mars:A8C75_14700 mannitol dehydrogenase	0.2954972982406616	0.29663795232772827	0.2941370904445648	0.29663795232772827	0.29572757333517075
rfa:A3L23_01445 mtlK_1; Mannitol 2-dehydrogenase	0.3255980610847473	0.3601537048816681	0.317504346370697	0.3601537048816681	0.34085245430469513
cub:BJK06_12510 mannitol dehydrogenase	0.26529160141944885	0.3213142156600952	0.28022274374961853	0.3213142156600952	0.29703569412231445
cva:CVAR_1686 mtlD; mannitol 2-dehydrogenase	0.30677565932273865	0.35854947566986084	0.3240674138069153	0.35854947566986084	0.3369855061173439
aak:AA2016_0204 Mannitol dehydrogenase domain protein	0.2708841860294342	0.32465168833732605	0.3204910457134247	0.32465168833732605	0.31016965210437775
aym:YM304_02970 mannitol dehydrogenase	0.33389681577682495	0.4083608090877533	0.3396381735801697	0.4083608090877533	0.3725641518831253
chry:CEY12_17900 alcohol dehydrogenase	0.3026042580604553	0.32805314660072327	0.28845375776290894	0.32805314660072327	0.3117910772562027
spht:K426_23384 aryl-alcohol dehydrogenase XylB	0.35298392176628113	0.4043138325214386	0.2975051701068878	0.4043138325214386	0.36477918922901154
svi:Svir_28790 Zn-dependent alcohol dehydrogenase, class III	0.3214755058288574	0.3248617947101593	0.2845098376274109	0.3248617947101593	0.31392723321914673
lcv:FBA2_02930 aryl-alcohol dehydrogenase	0.3015023469924927	0.38083183765411377	0.2951580584049225	0.38083183765411377	0.3395810201764107
strt:A8713_30880 alcohol dehydrogenase	0.32821908593177795	0.4147757291793823	0.3089902997016907	0.4147757291793823	0.3666902109980583
xsa:SB85_10125 alcohol dehydrogenase	0.4093705713748932	0.4134458303451538	0.35002246499061584	0.4134458303451538	0.39657117426395416
palk:PSAKL28_31440 Aryl-alcohol dehydrogenase	0.39465096592903137	0.39989057183265686	0.3760106861591339	0.39989057183265686	0.39261069893836975
cgt:cgR_2372 hypothetical protein	0.3362399935722351	0.35347887873649597	0.2974745035171509	0.35347887873649597	0.3351680636405945
nre:BES08_22990 geraniol dehydrogenase	0.35196393728256226	0.4577510952949524	0.3274024724960327	0.4577510952949524	0.39871715009212494
scy:SCATT_p16700 hypothetical protein	0.3557737469673157	0.41338247060775757	0.29525378346443176	0.41338247060775757	0.36944811791181564
brc:BCCGELA001_30950 geraniol dehydrogenase	0.3998182713985443	0.39538443088531494	0.36574220657348633	0.3998182713985443	0.3901907950639725
sall:SAZ_02195 alcohol dehydrogenase	0.3431185781955719	0.38007622957229614	0.280138224363327	0.38007622957229614	0.3458523154258728
pko:PKOR_03265 aryl-alcohol dehydrogenase	0.34912189841270447	0.339842289686203	0.3263832628726959	0.34912189841270447	0.34111733734607697
eae:EAE_20245 zinc-containing alcohol dehydrogenase superfamily protein	0.3358916640281677	0.37405166029930115	0.30718713998794556	0.37405166029930115	0.3477955311536789
ppe:PEPE_0182 Zn-dependent alcohol dehydrogenase	0.32300126552581787	0.4050595760345459	0.31106817722320557	0.4050595760345459	0.3610471487045288
rhs:A3Q41_02406 xylB_2; Aryl-alcohol dehydrogenase	0.3909013867378235	0.3697757124900818	0.307949036359787	0.3909013867378235	0.36488188058137894
lpz:Lp16_G006 aryl-alcohol dehydrogenase	0.33422911167144775	0.39726391434669495	0.3247469663619995	0.39726391434669495	0.3633759766817093
pmar:B0X71_17125 aryl-alcohol dehydrogenase	0.383838027715683	0.45987361669540405	0.3466985523700714	0.45987361669540405	0.4125709533691406
mrm:A7982_11645 benzyl alcohol dehydrogenase	0.347023069858551	0.34212934970855713	0.28140589594841003	0.347023069858551	0.3293953463435173
cnc:CNE_BB1p08740 xylB1; aryl-alcohol dehydrogenase XylB	0.3339024782180786	0.36079147458076477	0.2895828187465668	0.36079147458076477	0.33626706153154373
gom:D7316_05435 xylB_4; Aryl-alcohol dehydrogenase	0.3679162859916687	0.37001508474349976	0.3271935284137726	0.37001508474349976	0.3587849959731102
spav:Spa2297_31880 alcohol dehydrogenase	0.3632003962993622	0.45246365666389465	0.3368971645832062	0.45246365666389465	0.4012562185525894
pat:Patl_3763 Alcohol dehydrogenase, zinc-binding protein	0.39759549498558044	0.39066261053085327	0.36367735266685486	0.39759549498558044	0.38738273829221725
hhsr:HSR6_2060 aryl-alcohol dehydrogenase	0.2933253347873688	0.32186469435691833	0.2900926172733307	0.32186469435691833	0.30678683519363403
lpar:FAM21731_01518 Aryl-alcohol dehydrogenase	0.3529818654060364	0.36459288001060486	0.3147047758102417	0.36459288001060486	0.34921810030937195
msao:MYCSP_20490 aryl-alcohol dehydrogenase	0.33520591259002686	0.31858760118484497	0.3068866729736328	0.33520591259002686	0.3239715248346329
spoi:IMCC21906_00771 Zn-dependent alcohol dehydrogenase, class III	0.39862504601478577	0.43938708305358887	0.3397272527217865	0.43938708305358887	0.4042816162109375
zal:AZF00_17880 hypothetical protein	0.27119067311286926	0.36207646131515503	0.309380441904068	0.36207646131515503	0.32618100941181183
zal:AZF00_04005 geraniol dehydrogenase	0.3440726697444916	0.35577666759490967	0.2981002628803253	0.35577666759490967	0.33843156695365906
sxi:SXIM_42060 alcohol dehydrogenase	0.3153117597103119	0.44950199127197266	0.3112086355686188	0.44950199127197266	0.381381094455719
scz:ABE83_07235 aryl-alcohol dehydrogenase	0.3389554023742676	0.38950783014297485	0.30701810121536255	0.38950783014297485	0.35624729096889496
rst:ATY39_12235 aryl-alcohol dehydrogenase	0.36521705985069275	0.3940061628818512	0.3348639905452728	0.3940061628818512	0.372023344039917
nmu:Nmul_A1473 Zinc-containing alcohol dehydrogenase superfamily	0.3748794198036194	0.35789868235588074	0.33614155650138855	0.3748794198036194	0.360949769616127
hak:KO116_00407 Aryl-alcohol dehydrogenase	0.29511570930480957	0.2892642021179199	0.2626022398471832	0.29511570930480957	0.2855244651436806
mmar:MODMU_2388 Aryl-alcohol dehydrogenase	0.3111303448677063	0.38677290081977844	0.31365451216697693	0.38677290081977844	0.34958266466856003
amac:MASE_12275 D-lactate dehydrogenase	0.2932940125465393	0.37816402316093445	0.26861515641212463	0.37816402316093445	0.3295593038201332
amag:I533_12450 D-lactate dehydrogenase	0.2884552478790283	0.36247676610946655	0.2683796286582947	0.36247676610946655	0.320447102189064
mhae:F382_00070 D-lactate dehydrogenase	0.2123677134513855	0.2969488799571991	0.2052535116672516	0.2969488799571991	0.2528797462582588
epr:EPYR_02569 dld; D-lactate dehydrogenase	0.28441596031188965	0.4173394441604614	0.2813788652420044	0.4173394441604614	0.3501184284687042
lyt:DWG18_00715 FAD-binding protein	0.25099271535873413	0.43870973587036133	0.2950887680053711	0.43870973587036133	0.35587523877620697
slq:M495_06275 D-lactate dehydrogenase	0.23368440568447113	0.3279188275337219	0.21954646706581116	0.3279188275337219	0.27726713195443153
kba:A0U89_09260 D-lactate dehydrogenase	0.21715892851352692	0.3304298222064972	0.2500506639480591	0.3304298222064972	0.2820173092186451
cnt:JT31_05830 lactate dehydrogenase	0.24212253093719482	0.36828377842903137	0.25807568430900574	0.36828377842903137	0.3091914430260658
pde:Pden_2928 D-lactate dehydrogenase	0.31397557258605957	0.4258503317832947	0.30708184838294983	0.4258503317832947	0.3681895211338997
acu:Atc_2764 Fe-S protein, lactate dehydrogenase SO1521-like protein	0.23911336064338684	0.42244768142700195	0.2782708704471588	0.42244768142700195	0.3405698984861374
asj:AsACE_CH00919 dld; D-lactate dehydrogenase	0.30109748244285583	0.3744455575942993	0.2992081642150879	0.3744455575942993	0.3372991904616356
llf:BCR17_07245 D-lactate dehydrogenase	0.22727930545806885	0.3290708065032959	0.22464632987976074	0.3290708065032959	0.27751681208610535
aae:aq_1769 dld1; D-lactate dehydrogenase	0.24191665649414062	0.39562293887138367	0.2683704197406769	0.39562293887138367	0.3253832384943962
bmw:BMNI_II1056 D-lactate dehydrogenase	0.22274388372898102	0.3475514352321625	0.2457551807165146	0.3475514352321625	0.29090048372745514
tpty:NCTC11468_01823 dld; D-lactate dehydrogenase	0.25250542163848877	0.35719034075737	0.2313007116317749	0.35719034075737	0.2995467036962509
gan:UMN179_01986 D-lactate dehydrogenase	0.22491703927516937	0.35191911458969116	0.25052353739738464	0.35191911458969116	0.2948197014629841
nei:BG910_00615 D-lactate dehydrogenase	0.22449031472206116	0.3545510470867157	0.2588707208633423	0.3545510470867157	0.2981157824397087
buj:BurJV3_2413 D-lactate dehydrogenase	0.23792092502117157	0.36691004037857056	0.27018237113952637	0.36691004037857056	0.31048084422945976
bfa:Bfae_05140 D-lactate dehydrogenase	0.23737874627113342	0.3210676610469818	0.25443223118782043	0.3210676610469818	0.28348657488822937
slm:BIZ42_12295 FAD-binding oxidoreductase	0.24814414978027344	0.4522702395915985	0.2800770103931427	0.4522702395915985	0.3581904098391533
rua:D1823_00320 D-lactate dehydrogenase	0.23432470858097076	0.37678655982017517	0.2415686845779419	0.37678655982017517	0.30736662819981575
mno:Mnod_3071 D-lactate dehydrogenase membrane binding	0.27287423610687256	0.40758225321769714	0.29438117146492004	0.40758225321769714	0.3456049785017967
stek:AXG53_14425 dimethylmenaquinone methyltransferase	0.23311272263526917	0.4393117427825928	0.26238343119621277	0.4393117427825928	0.34352990984916687
pma:Pro_1755 dld; D-lactate dehydrogenase, NADH independent	0.2697981297969818	0.3920656442642212	0.2781430184841156	0.3920656442642212	0.33301810920238495
psyy:DLE54_05410 D-lactate dehydrogenase	0.23595209419727325	0.3309977650642395	0.2938089072704315	0.3309977650642395	0.29793913289904594
tci:A7K98_08965 D-lactate dehydrogenase	0.2694750130176544	0.3688480854034424	0.26452016830444336	0.3688480854034424	0.31792283803224564
eho:A9798_11590 D-lactate dehydrogenase	0.2972690463066101	0.45316430926322937	0.2810010015964508	0.45316430926322937	0.3711496666073799
psd:DSC_00020 D-lactate dehydrogenase	0.27354615926742554	0.3855731785297394	0.26094603538513184	0.3855731785297394	0.32640963792800903
pgp:CUJ91_22175 D-lactate dehydrogenase	0.19288378953933716	0.3060556650161743	0.23309072852134705	0.3060556650161743	0.2595214620232582
nhl:Nhal_0471 FAD linked oxidase domain protein	0.28089603781700134	0.4679112136363983	0.3189227283000946	0.4679112136363983	0.38391029834747314
bly:A2T55_11065 betaine-aldehyde dehydrogenase	0.6701278686523438	0.5450640320777893	0.5532184839248657	0.6701278686523438	0.6096345633268356
sbh:SBI_01426 aldehyde dehydrogenase	0.6690086126327515	0.5543731451034546	0.5763757824897766	0.6690086126327515	0.6171915382146835
smaz:LH19_26305 hypothetical protein	0.6013444662094116	0.5850450992584229	0.5076473951339722	0.6013444662094116	0.5738453567028046
prg:RB151_006080 feaB; Phenylacetaldehyde dehydrogenase	0.6195288896560669	0.611691415309906	0.5689035058021545	0.6195288896560669	0.6049131751060486
bct:GEM_5541 Aldehyde Dehydrogenase	0.5496448874473572	0.4818956255912781	0.4568248987197876	0.5496448874473572	0.509502574801445
rrz:CS378_18270 betaine-aldehyde dehydrogenase	0.6306828260421753	0.4659624695777893	0.5424512028694153	0.6306828260421753	0.5674448311328888
ncb:C0V82_18410 betaine-aldehyde dehydrogenase	0.5939423441886902	0.5573781132698059	0.5317839980125427	0.5939423441886902	0.5692616999149323
kpa:KPNJ1_04064 hypothetical protein	0.6526538133621216	0.6084222793579102	0.587824285030365	0.6526538133621216	0.6253885477781296
pla:Plav_1036 aldehyde dehydrogenase	0.6003343462944031	0.5521222352981567	0.481905072927475	0.6003343462944031	0.5586740002036095
meso:BSQ44_09990 betaine-aldehyde dehydrogenase	0.6506108641624451	0.5506483912467957	0.5179709196090698	0.6506108641624451	0.5924602597951889
buf:D8682_12385 aldehyde dehydrogenase family protein	0.6857649087905884	0.5206376910209656	0.5229120850563049	0.6857649087905884	0.6037698984146118
msa:Mycsm_05414 NAD-dependent aldehyde dehydrogenase	0.6399679780006409	0.5205339193344116	0.5474145412445068	0.6399679780006409	0.58697110414505
ido:I598_2666 betB; NAD/NADP-dependent betaine aldehyde dehydrogenase	0.5764272809028625	0.495978444814682	0.46589961647987366	0.5764272809028625	0.5286831557750702
rhs:A3Q41_02407 betB; NAD/NADP-dependent betaine aldehyde dehydrogenase	0.4085025489330292	0.511489748954773	0.4400761127471924	0.511489748954773	0.46788953989744186
pre:PCA10_32560 peaE; phenylacetaldehyde dehydrogenase PeaE	0.6877158284187317	0.5478419661521912	0.5332046747207642	0.6877158284187317	0.6141195744276047
osg:BST96_04250 hypothetical protein	0.5321497321128845	0.4633221924304962	0.42388248443603516	0.5321497321128845	0.4878760352730751
svl:Strvi_4514 Aldehyde Dehydrogenase	0.5945795774459839	0.5165435671806335	0.4571213126182556	0.5945795774459839	0.5407060086727142
phs:C2L64_49160 aldehyde dehydrogenase	0.6092185378074646	0.5344853401184082	0.5227859020233154	0.6092185378074646	0.5689270794391632
phs:C2L64_49740 NAD-dependent phenylacetaldehyde dehydrogenase	0.6552281379699707	0.5760788321495056	0.5701319575309753	0.6552281379699707	0.6141667664051056
mio:AOA12_04920 betaine-aldehyde dehydrogenase	0.389257550239563	0.4498034119606018	0.41262203454971313	0.4498034119606018	0.42537160217761993
psw:LK03_16080 aldehyde dehydrogenase	0.5769133567810059	0.5265935659408569	0.5493790507316589	0.5769133567810059	0.5574498325586319
dpc:A6048_13210 betaine-aldehyde dehydrogenase	0.6002461314201355	0.5030246376991272	0.5478343367576599	0.6002461314201355	0.5628378093242645
sya:A6768_11835 betaine-aldehyde dehydrogenase	0.5778161883354187	0.5494484305381775	0.5065503120422363	0.5778161883354187	0.5529077798128128
vpe:Varpa_3810 Aldehyde Dehydrogenase	0.5634898543357849	0.5717369318008423	0.47625023126602173	0.5717369318008423	0.5458034873008728
sagu:CDO87_23015 betaine-aldehyde dehydrogenase	0.62462317943573	0.5408278107643127	0.478134423494339	0.62462317943573	0.5670521482825279
mets:DK389_27640 betaine-aldehyde dehydrogenase	0.5493597984313965	0.5096302032470703	0.46048539876937866	0.5493597984313965	0.5172087997198105
aad:TC41_2804 Aldehyde Dehydrogenase	0.6966326236724854	0.5321258902549744	0.5525180101394653	0.6966326236724854	0.6194772869348526
sma:SAVERM_6726 aldC; putative aldehyde dehydrogenase	0.5442383885383606	0.6099503040313721	0.4807531535625458	0.6099503040313721	0.5612230375409126
mgo:AFA91_01160 betaine-aldehyde dehydrogenase	0.4921630322933197	0.45746076107025146	0.4631222188472748	0.4921630322933197	0.4762272611260414
mdx:BTO20_25510 betaine-aldehyde dehydrogenase	0.6880149841308594	0.48258137702941895	0.4893253743648529	0.6880149841308594	0.5869841799139977
sdn:Sden_0151 glutamate-5-semialdehyde dehydrogenase	0.38066673278808594	0.4351835250854492	0.48438015580177307	0.48438015580177307	0.4461526423692703
mby:MSBRM_3052 Gamma-glutamyl phosphate reductase	0.47520753741264343	0.530241072177887	0.5358051657676697	0.5358051657676697	0.5192647352814674
aui:APT62_02405 proA; gamma-glutamyl-phosphate reductase	0.4249255955219269	0.5721158981323242	0.5133287906646729	0.5721158981323242	0.520621545612812
ipa:Isop_3560 glutamate-5-semialdehyde dehydrogenase	0.35808563232421875	0.5361585021018982	0.49562370777130127	0.5361585021018982	0.4815065860748291
bly:A2T55_08480 gamma-glutamyl-phosphate reductase	0.38477447628974915	0.4691624045372009	0.45498472452163696	0.4691624045372009	0.444521002471447
xfm:Xfasm12_0321 Glutamate-5-semialdehyde dehydrogenase	0.36074769496917725	0.4999542236328125	0.4534302055835724	0.4999542236328125	0.45352158695459366
pub:SAR11_0224 proA; Gamma-glutamyl phosphate reductase	0.3992401361465454	0.4422454237937927	0.4443843960762024	0.4443843960762024	0.43256358802318573
mgl:MGL_0159 hypothetical protein	0.3499317467212677	0.44360068440437317	0.4384528398513794	0.44360068440437317	0.41889648884534836
led:BBK82_26260 gamma-glutamyl-phosphate reductase	0.4050818383693695	0.5437359809875488	0.47334161400794983	0.5437359809875488	0.49147385358810425
syx:SynWH7803_1325 proA; Gamma-glutamyl phosphate reductase	0.307570219039917	0.3119252622127533	0.34524914622306824	0.34524914622306824	0.3274984434247017
slp:Slip_1685 gamma-glutamyl phosphate reductase	0.3336148262023926	0.4669196903705597	0.4064914882183075	0.4669196903705597	0.41848642379045486
smiz:4412673_00419 proA; Gamma-glutamyl phosphate reductase	0.3875029683113098	0.5271872282028198	0.4138954281806946	0.5271872282028198	0.463943213224411
hmr:Hipma_0288 Gamma-glutamyl phosphate reductase	0.46659621596336365	0.49197301268577576	0.4899488389492035	0.49197301268577576	0.48512277007102966
bex:A11Q_1590 hypothetical protein	0.3244306147098541	0.45909056067466736	0.38149574398994446	0.45909056067466736	0.4060268700122833
pfp:PFL1_02550 hypothetical protein	0.4320252239704132	0.518477737903595	0.5023747086524963	0.518477737903595	0.49283885210752487
pte:PTT_18784 hypothetical protein	0.3957154154777527	0.532383143901825	0.5098837018013	0.532383143901825	0.49259135127067566
mfn:Ga0123462_2215 glutamate-5-semialdehyde dehydrogenase	0.35466548800468445	0.45970919728279114	0.4186007082462311	0.45970919728279114	0.42317114770412445
apb:SAR116_1852 gamma-glutamyl phosphate reductase	0.43674683570861816	0.5543695688247681	0.49887555837631226	0.5543695688247681	0.5110903829336166
pspo:PSPO_a0605 proA; glutamate-5-semialdehyde dehydrogenase	0.36066585779190063	0.5001038908958435	0.4408411681652069	0.5001038908958435	0.45042870193719864
cfj:CFIO01_13112 glutamate-5-semialdehyde dehydrogenase	0.4572853147983551	0.6070504784584045	0.5104275345802307	0.6070504784584045	0.5454534515738487
cho:Chro.70551 COG0014: gamma-glutamyl phosphate reductase	0.44778600335121155	0.47009190917015076	0.5266849398612976	0.5266849398612976	0.4928119480609894
cyn:Cyan7425_4717 Glutamate-5-semialdehyde dehydrogenase	0.41619566082954407	0.6164572238922119	0.4939882457256317	0.6164572238922119	0.5357745885848999
aba:Acid345_1268 glutamate-5-semialdehyde dehydrogenase	0.4180549383163452	0.4808102250099182	0.4346514344215393	0.4808102250099182	0.45358170568943024
aje:HCAG_07464 gamma-glutamyl phosphate reductase	0.29730623960494995	0.378132700920105	0.40840625762939453	0.40840625762939453	0.373062863945961
gsl:Gasu_21370 glutamate-5-semialdehyde dehydrogenase	0.3630903959274292	0.4627941846847534	0.46143868565559387	0.4627941846847534	0.4375293627381325
cyt:cce_2383 proA2; gamma-glutamyl phosphate reductase	0.4114786982536316	0.5514432787895203	0.4793480336666107	0.5514432787895203	0.4984283223748207
ers:K210_07350 glutamate-5-semialdehyde dehydrogenase	0.3706483840942383	0.5027472972869873	0.3966131806373596	0.5027472972869873	0.4431890398263931
cwo:Cwoe_2672 gamma-glutamyl phosphate reductase	0.4082467257976532	0.5216810703277588	0.44140881299972534	0.5216810703277588	0.47325441986322403
apc:HIMB59_00001890 glutamate-5-semialdehyde dehydrogenase	0.37592193484306335	0.4733278751373291	0.4204825758934021	0.4733278751373291	0.4357650652527809
mboi:DQF64_00645 hypothetical protein	0.3121854066848755	0.3165450990200043	0.3637610971927643	0.3637610971927643	0.3390631750226021
obg:Verru16b_03465 proA; Gamma-glutamyl phosphate reductase	0.37010955810546875	0.48100659251213074	0.4060068428516388	0.48100659251213074	0.43453239649534225
spo:SPAC821.11 pro1; putative gamma-glutamyl phosphate reductase Pro1	0.4026995599269867	0.4891398251056671	0.45742514729499817	0.4891398251056671	0.4596010893583298
mmaz:MmTuc01_0840 Gamma-glutamyl phosphate reductase	0.4575923979282379	0.5423934459686279	0.5254307389259338	0.5423934459686279	0.5169525071978569
lmog:BN389_12840 proA; Gamma-glutamyl phosphate reductase	0.47941774129867554	0.6365979909896851	0.5545490384101868	0.6365979909896851	0.5767906904220581
lua:D4A81_10390 glutamate-5-semialdehyde dehydrogenase	0.39195483922958374	0.5504582524299622	0.4679742753505707	0.5504582524299622	0.4902114048600197
esr:ES1_03460 glutamate-5-semialdehyde dehydrogenase	0.34612616896629333	0.44198283553123474	0.41808968782424927	0.44198283553123474	0.412045381963253
rue:DT065_05285 glutamate-5-semialdehyde dehydrogenase	0.3290333151817322	0.4334433674812317	0.3952825665473938	0.4334433674812317	0.39780065417289734
aym:YM304_24510 proA; gamma-glutamyl phosphate reductase	0.28933295607566833	0.38058343529701233	0.3205997347831726	0.38058343529701233	0.3427748903632164
tve:TRV_00129 aldehyde dehydrogenase ALDH	0.37665706872940063	0.3786007761955261	0.4430352747440338	0.4430352747440338	0.4103320986032486
apla:101798585 aldehyde dehydrogenase family 3 member B2-like isoform X1	0.5171380639076233	0.718480110168457	0.5389382243156433	0.718480110168457	0.6232591271400452
ssck:SPSK_00777 aldehyde dehydrogenase (NAD(P)+)	0.6845023036003113	0.6569052934646606	0.7659703493118286	0.7659703493118286	0.7183370739221573
phd:102331077 ALDH3A1; aldehyde dehydrogenase 3 family member A1	0.5649359822273254	0.7673694491386414	0.5724861025810242	0.7673694491386414	0.6680402457714081
phd:102332149 ALDH3B1; aldehyde dehydrogenase 3 family member B1	0.5284352898597717	0.5409948825836182	0.5830926299095154	0.5830926299095154	0.5589038580656052
shr:100920413 ALDH1A3; aldehyde dehydrogenase family 1 member A3 isoform X1	0.8626152276992798	0.6324691772460938	0.7393296360969543	0.8626152276992798	0.7742573171854019
shr:100932557 aldehyde dehydrogenase family 3 member B1-like	0.4925677180290222	0.5540931224822998	0.55046546459198	0.5540931224822998	0.5378048568964005
maw:MAC_04257 aldehyde dehydrogenase ALDH	0.744271993637085	0.6312465667724609	0.7081289887428284	0.744271993637085	0.7069798856973648
ptg:102952022 ALDH1A3; aldehyde dehydrogenase 1 family member A3	0.8446150422096252	0.5338830947875977	0.5990153551101685	0.8446150422096252	0.7055321335792542
nhe:NECHADRAFT_70076 hypothetical protein	0.710641086101532	0.5836598873138428	0.633462131023407	0.710641086101532	0.6596010476350784
slb:AWJ20_1916 ALD5; aldehyde dehydrogenase (NAD(P)(+)) ALD5	0.7007627487182617	0.5119536519050598	0.5364431738853455	0.7007627487182617	0.6124805808067322
pale:102895234 ALDH3B1; aldehyde dehydrogenase family 3 member B1 isoform X1	0.38707974553108215	0.42839667201042175	0.4383375942707062	0.4383375942707062	0.42303790152072906
fab:101809399 aldehyde dehydrogenase family 3 member B1-like	0.5857682824134827	0.8545903563499451	0.6156173348426819	0.8545903563499451	0.7276415824890137
oor:101290322 ALDH3B1; aldehyde dehydrogenase family 3 member B1 isoform X1	0.5806707143783569	0.762740433216095	0.5479133129119873	0.762740433216095	0.6635162234306335
csab:103216001 ALDH3B1; aldehyde dehydrogenase 3 family member B1	0.20767122507095337	0.22972244024276733	0.2899937629699707	0.2899937629699707	0.2543452978134155
pvt:110085672 ALDH3B1; aldehyde dehydrogenase family 3 member B1	0.489328533411026	0.6785554885864258	0.6023443341255188	0.6785554885864258	0.6121959611773491
hgl:101724442 Aldh3b2; aldehyde dehydrogenase family 3 member B2	0.38152971863746643	0.5070842504501343	0.38337454199790955	0.5070842504501343	0.44476819038391113
plj:VFPFJ_07650 retinal dehydrogenase 2	0.6601537466049194	0.6056637763977051	0.7484548687934875	0.7484548687934875	0.6906818151473999
fcd:110852080 aldehyde dehydrogenase family 3 member B1-like	0.5920861959457397	0.7130595445632935	0.6672614812850952	0.7130595445632935	0.6713666915893555
ssc:100526075 ALDH3A1; aldehyde dehydrogenase, dimeric NADP-preferring	0.5792385935783386	0.8121181726455688	0.5422385334968567	0.8121181726455688	0.6864283680915833
mmu:621603 Aldh3b2, AI848594, C130048D07Rik; aldehyde dehydrogenase 3 family, member B2	0.49390676617622375	0.7692723274230957	0.5913848280906677	0.7692723274230957	0.6559590622782707
nni:104020568 aldehyde dehydrogenase family 3 member B1-like	0.4845038950443268	0.588912308216095	0.6109906435012817	0.6109906435012817	0.5738493725657463
ola:101157544 aldehyde dehydrogenase family 3 member B1 isoform X1	0.5389320254325867	0.6826915740966797	0.5849301218986511	0.6826915740966797	0.6223113238811493
cot:CORT_0D04080 trimethylaminobutyraldehyde dehydrogenase	0.7051287293434143	0.5627753734588623	0.7237523198127747	0.7237523198127747	0.6788521856069565
tru:100294697 raldh3; retinaldehyde dehydrogenase 3	0.8545147180557251	0.6260516047477722	0.810909628868103	0.8545147180557251	0.7864976674318314
pmur:107296165 aldehyde dehydrogenase family 3 member B1-like	0.225950688123703	0.23154321312904358	0.23725450038909912	0.23725450038909912	0.2330007255077362
pmur:107293630 aldehyde dehydrogenase family 3 member B2-like	0.4374779760837555	0.6133093237876892	0.4791051745414734	0.6133093237876892	0.5358004495501518
kla:KLLA0_D09999g uncharacterized protein	0.6254063844680786	0.48706597089767456	0.58906489610672	0.6254063844680786	0.5817359089851379
egz:104127453 aldehyde dehydrogenase family 3 member B1-like	0.5456353425979614	0.5843331813812256	0.5318829417228699	0.5843331813812256	0.5615461617708206
rss:109450498 aldehyde dehydrogenase family 3 member B1-like	0.6812865734100342	0.7946604490280151	0.6801630854606628	0.7946604490280151	0.7376926392316818
lth:KLTH0F09680g KLTH0F09680p	0.712445080280304	0.5497338771820068	0.7079825401306152	0.712445080280304	0.6706516444683075
rha:RHA1_ro01724 probable aldehyde dehydrogenase (NAD(P)+)	0.355284720659256	0.42108550667762756	0.42228272557258606	0.42228272557258606	0.4052339196205139
fgr:FGSG_11482 aldehyde dehydrogenase	0.4073154926300049	0.41233307123184204	0.40232643485069275	0.41233307123184204	0.40857701748609543
pbi:103048587 aldehyde dehydrogenase family 3 member B1-like	0.42094582319259644	0.5451396107673645	0.45994478464126587	0.5451396107673645	0.4927924573421478
biu:109554323 ALDH3B1; aldehyde dehydrogenase family 3 member B1 isoform X1	0.571799635887146	0.491788774728775	0.49666449427604675	0.571799635887146	0.5330131351947784
mze:101479026 aldehyde dehydrogenase family 3 member B1	0.5589753985404968	0.890716552734375	0.5766390562057495	0.890716552734375	0.7292618900537491
pcz:PCL1606_16700 succinylglutamate-semialdehyde dehydrogenase	0.32213279604911804	0.2948543131351471	0.28927257657051086	0.32213279604911804	0.3070981204509735
llg:44548918_01289 astD; succinylglutamic-5-semialdehyde dehydrogenase	0.36942893266677856	0.4302353262901306	0.36395567655563354	0.4302353262901306	0.39846381545066833
ssy:SLG_09920 astD; N-succinylglutamate 5-semialdehyde dehydrogenase	0.3630931079387665	0.35355344414711	0.381730854511261	0.381730854511261	0.3700270652770996
porl:BG023_111480 succinylglutamic semialdehyde dehydrogenase	0.4230424463748932	0.39950570464134216	0.4047342836856842	0.4230424463748932	0.4125812202692032
sft:NCTC1_01597 astD; succinylglutamic semialdehyde dehydrogenase,N-succinylglutamate 5-semialdehyde dehydrogenase,succinylglutamic semialdehyde dehydrogenase,Delta 1-pyrroline-5-carboxylate dehydrogenase,succinylglutamic semialdehyde dehydrogenase,Aldehyde dehydrogenase family	0.35457661747932434	0.3572883903980255	0.38594093918800354	0.38594093918800354	0.37093672156333923
pds:CAY62_13080 succinylglutamate-semialdehyde dehydrogenase	0.448746919631958	0.45759648084640503	0.42180755734443665	0.45759648084640503	0.4464368596673012
pfv:Psefu_3131 N-succinylglutamate 5-semialdehyde dehydrogenase	0.3681960999965668	0.389322429895401	0.36913084983825684	0.389322429895401	0.3789929524064064
ajn:BVL33_06530 succinylglutamate-semialdehyde dehydrogenase	0.46207332611083984	0.44941946864128113	0.43296921253204346	0.46207332611083984	0.45163383334875107
ecv:APECO1_815 thrL; succinylglutamic semialdehyde dehydrogenase	0.2915011942386627	0.23552356660366058	0.2533499598503113	0.2915011942386627	0.2679689787328243
enf:AKI40_2725 N-succinylglutamate 5-semialdehyde dehydrogenase	0.3508013188838959	0.326643168926239	0.33622488379478455	0.3508013188838959	0.3411176726222038
nre:BES08_10010 succinylglutamate-semialdehyde dehydrogenase	0.44646215438842773	0.45734703540802	0.4839805066585541	0.4839805066585541	0.467942550778389
paj:PAJ_1026 astD; succinylglutamic semialdehyde dehydrogenase AstD	0.4388233721256256	0.4234354496002197	0.4087155759334564	0.4388233721256256	0.42744944244623184
psts:E05_12090 succinylglutamic semialdehyde dehydrogenase	0.36359384655952454	0.42732492089271545	0.36510682106018066	0.42732492089271545	0.395837627351284
eae:EAE_20395 succinylglutamic semialdehyde dehydrogenase	0.511340320110321	0.4257166385650635	0.511536180973053	0.511536180973053	0.4900323301553726
prh:LT40_01105 astD; succinylglutamate-semialdehyde dehydrogenase	0.41881275177001953	0.41388460993766785	0.40381643176078796	0.41881275177001953	0.4138316363096237
palh:B1H58_18420 succinylglutamate-semialdehyde dehydrogenase	0.3721742331981659	0.37999433279037476	0.3446023464202881	0.37999433279037476	0.3691913112998009
bgo:BM43_2491 astD; succinylglutamic semialdehyde dehydrogenase	0.374346524477005	0.36719292402267456	0.385437935590744	0.385437935590744	0.3781038299202919
mad:HP15_3039 astD; N-succinylglutamate 5-semialdehyde dehydrogenase	0.39989766478538513	0.36836743354797363	0.3474501669406891	0.39989766478538513	0.37890323251485825
rpln:B1209_14550 succinylglutamate-semialdehyde dehydrogenase	0.5124492645263672	0.4607696831226349	0.5040509700775146	0.5124492645263672	0.497429795563221
cna:AB433_12105 astD; succinylglutamate-semialdehyde dehydrogenase	0.45251020789146423	0.435841828584671	0.4146392345428467	0.45251020789146423	0.43887536972761154
gag:Glaag_0715 succinylglutamic semialdehyde dehydrogenase	0.5017462968826294	0.5048000812530518	0.49643638730049133	0.5048000812530518	0.5019457116723061
brd:JL11_07575 astD; N-succinylglutamate 5-semialdehyde dehydrogenase	0.41314756870269775	0.4075678288936615	0.3930318057537079	0.41314756870269775	0.4067236930131912
pnl:PNK_1546 astD; succinylglutamic semialdehyde dehydrogenase	0.43384042382240295	0.385799765586853	0.45506298542022705	0.45506298542022705	0.4324415400624275
erk:CD351_07305 astD; succinylglutamate-semialdehyde dehydrogenase	0.40879783034324646	0.3585778474807739	0.3976092040538788	0.40879783034324646	0.3934456780552864
ege:EM595_1637 astD; succinylglutamic semialdehyde dehydrogenase	0.39477917551994324	0.3910615146160126	0.3607276678085327	0.39477917551994324	0.38533688336610794
oce:GU3_14245 succinylglutamic semialdehyde dehydrogenase	0.49757227301597595	0.42999884486198425	0.47129103541374207	0.49757227301597595	0.47410860657691956
lsh:CAB17_13570 astD; succinylglutamate-semialdehyde dehydrogenase	0.32622015476226807	0.3885439932346344	0.35108011960983276	0.3885439932346344	0.3635970652103424
kus:B9G99_10280 succinylglutamate-semialdehyde dehydrogenase	0.49901488423347473	0.471469521522522	0.48502954840660095	0.49901488423347473	0.4886322095990181
mpc:Mar181_0521 N-succinylglutamate 5-semialdehyde dehydrogenase	0.42519935965538025	0.41088753938674927	0.3985191881656647	0.42519935965538025	0.4149513617157936
dda:Dd703_0486 succinylglutamic semialdehyde dehydrogenase	0.445109099149704	0.4285421073436737	0.44532325863838196	0.44532325863838196	0.4410744309425354
gsn:YC6258_05601 NAD-dependent aldehyde dehydrogenase	0.46847230195999146	0.40911829471588135	0.42152249813079834	0.46847230195999146	0.44189634919166565
vta:A2950 astD; succinylglutamic semialdehyde dehydrogenase	0.46881914138793945	0.4502376914024353	0.4471588730812073	0.46881914138793945	0.45875871181488037
jal:BZG29_27210 succinylglutamate-semialdehyde dehydrogenase	0.4924061596393585	0.4632492959499359	0.41385623812675476	0.4924061596393585	0.46547946333885193
sera:Ser39006_004530 astD; succinylglutamate-semialdehyde dehydrogenase	0.4009270966053009	0.41729965806007385	0.4203323721885681	0.4203323721885681	0.41472287476062775
are:AL755_03965 aldehyde dehydrogenase	0.4884188771247864	0.5058421492576599	0.4569709002971649	0.5058421492576599	0.4892685189843178
lvs:LOKVESSMR4R_00429 puuC; aldehyde dehydrogenase PuuC	0.5281602740287781	0.5507044792175293	0.4586559236049652	0.5507044792175293	0.5220562890172005
bpsa:BBU_5573 aldehyde dehydrogenase family protein	0.5270234942436218	0.6112610101699829	0.5068330764770508	0.6112610101699829	0.5640946477651596
ppic:PhaeoP14_00023 puuC; gamma-glutamyl-gamma-aminobutyraldehyde dehydrogenase PuuC	0.46122777462005615	0.5664107203483582	0.4568289518356323	0.5664107203483582	0.5127195417881012
psec:CCOS191_2333 puuC1; Aldehyde dehydrogenase PuuC	0.46493345499038696	0.46762847900390625	0.4521440863609314	0.46762847900390625	0.4630836248397827
esj:SJ05684_b51370 Aldehyde dehydrogenase	0.587491512298584	0.6171891689300537	0.5358996391296387	0.6171891689300537	0.5894423723220825
serf:L085_18345 gamma-glutamyl-gamma-aminobutyraldehyde dehydrogenase	0.5222465991973877	0.6598132252693176	0.4834824204444885	0.6598132252693176	0.5813388675451279
moi:MOVS_02195 gamma-glutamyl-gamma-aminobutyraldehyde dehydrogenase	0.5357198119163513	0.6386579871177673	0.5289509892463684	0.6386579871177673	0.5854966938495636
kll:BJF97_11195 aldehyde dehydrogenase PuuC	0.5112273097038269	0.6273025274276733	0.5568794012069702	0.6273025274276733	0.580677941441536
bbx:BBS798_2477 aldH; aldehyde dehydrogenase	0.48589494824409485	0.5572850108146667	0.4557412266731262	0.5572850108146667	0.5140515491366386
bpy:Bphyt_4669 Aldehyde Dehydrogenase	0.4424349367618561	0.5063521265983582	0.4257802665233612	0.5063521265983582	0.4702298641204834
hmc:HYPMC_2755 puuC; Gamma-glutamyl-gamma-aminobutyraldehyde dehydrogenase (Gamma-Glu-gamma-aminobutyraldehyde dehydrogenase)	0.5833846926689148	0.6839171648025513	0.6942363977432251	0.6942363977432251	0.6639436632394791
smaf:D781_1889 NAD-dependent aldehyde dehydrogenase	0.47819238901138306	0.5597012639045715	0.4801883399486542	0.5597012639045715	0.5194458141922951
smaf:D781_2043 NAD-dependent aldehyde dehydrogenase	0.5207841992378235	0.6274495720863342	0.5030519366264343	0.6274495720863342	0.5696838200092316
slq:M495_10010 aldehyde dehydrogenase	0.5324258804321289	0.660636305809021	0.5212095379829407	0.660636305809021	0.5937270075082779
bph:Bphy_6864 Aldehyde Dehydrogenase	0.529114842414856	0.5918649435043335	0.4700612723827362	0.5918649435043335	0.5457265004515648
rpla:A4Z71_00370 aldehyde dehydrogenase PuuC	0.47658994793891907	0.5622124671936035	0.471354216337204	0.5622124671936035	0.5180922746658325
lmd:METH_21795 aldehyde dehydrogenase	0.5306961536407471	0.5408971905708313	0.4615379571914673	0.5408971905708313	0.5185071229934692
pre:PCA10_47270 aldehyde dehydrogenase	0.46240103244781494	0.5335156321525574	0.42710763216018677	0.5335156321525574	0.4891349822282791
suam:BOO69_11065 aldehyde dehydrogenase	0.4833715856075287	0.5807890892028809	0.46167826652526855	0.5807890892028809	0.5266570076346397
amah:DLM_1123 gamma-glutamyl-aminobutyraldehyde dehydrogenase	0.40517011284828186	0.5128851532936096	0.3792998790740967	0.5128851532936096	0.45256007462739944
jan:Jann_3507 aldehyde dehydrogenase	0.435674786567688	0.5318145155906677	0.413203626871109	0.5318145155906677	0.4781268611550331
adt:APT56_09925 aldehyde dehydrogenase	0.5195937752723694	0.6006670594215393	0.4848199188709259	0.6006670594215393	0.5514369532465935
aex:Astex_1794 Aldehyde Dehydrogenase	0.6255242824554443	0.5868681073188782	0.5743764638900757	0.6255242824554443	0.6030732840299606
xau:Xaut_2725 aldehyde dehydrogenase	0.566138744354248	0.5611488819122314	0.5410797595977783	0.566138744354248	0.5586265325546265
miu:ABE85_19400 hypothetical protein	0.4983980059623718	0.5944371819496155	0.4918598532676697	0.5944371819496155	0.5447830557823181
dlu:A6035_00625 aldehyde dehydrogenase PuuC	0.6335216164588928	0.6095820069313049	0.5189064741134644	0.6335216164588928	0.5988829284906387
ecan:CWI88_14370 aldehyde dehydrogenase PuuC	0.5898177027702332	0.7054806351661682	0.5535454154014587	0.7054806351661682	0.6385810971260071
pba:PSEBR_a3610 putative aldehyde dehydrogenase (NAD(+))	0.4741230309009552	0.539462685585022	0.4279346764087677	0.539462685585022	0.4952457696199417
hsi:BOX17_05715 aldehyde dehydrogenase PuuC	0.5559059977531433	0.607446014881134	0.5239742398262024	0.607446014881134	0.5736930668354034
laz:A8A57_07980 aldehyde dehydrogenase PuuC	0.5700145959854126	0.6436095237731934	0.5133224129676819	0.6436095237731934	0.5926390141248703
laz:A8A57_11440 aldehyde dehydrogenase	0.47405481338500977	0.5687830448150635	0.42932072281837463	0.5687830448150635	0.5102354064583778
pge:LG71_13285 aldehyde dehydrogenase	0.49921008944511414	0.634280800819397	0.5281709432601929	0.634280800819397	0.5739856585860252
kphy:AOZ06_35765 aldehyde dehydrogenase	0.6214048266410828	0.5347857475280762	0.49223852157592773	0.6214048266410828	0.5674584805965424
stsi:A4E84_37285 aldehyde dehydrogenase	0.4704279601573944	0.5137734413146973	0.4861522912979126	0.5137734413146973	0.4960317835211754
crz:D1345_06020 aldehyde dehydrogenase	0.5566658973693848	0.6035381555557251	0.5117709040641785	0.6035381555557251	0.5688782781362534
chy:CHY_0736 cooSIV; carbon-monoxide dehydrogenase, catalytic subunit	0.2682214379310608	0.34949275851249695	0.34985485672950745	0.34985485672950745	0.32935597747564316
ccb:Clocel_1516 carbon-monoxide dehydrogenase, catalytic subunit	0.2523926794528961	0.36423006653785706	0.29328426718711853	0.36423006653785706	0.3185342699289322
tjr:TherJR_1157 carbon-monoxide dehydrogenase, catalytic subunit	0.26879948377609253	0.36494743824005127	0.35254982113838196	0.36494743824005127	0.33781104534864426
pros:CHL67_00350 carbon monoxide dehydrogenase	0.279122531414032	0.3973779082298279	0.4111543297767639	0.4111543297767639	0.3747022747993469
ccl:Clocl_0520 carbon-monoxide dehydrogenase, catalytic subunit	0.26769721508026123	0.38729795813560486	0.33437973260879517	0.38729795813560486	0.34416821599006653
cae:SMB_G0117 cooS; Carbone-monoxide dehydrogenase, beta chain	0.35465264320373535	0.4525417983531952	0.4002263844013214	0.4525417983531952	0.4149906560778618
elm:ELI_3603 carbon-monoxide dehydrogenase	0.27811264991760254	0.37658801674842834	0.3694153130054474	0.37658801674842834	0.35017599910497665
bhan:CGC63_07980 cooS; carbon-monoxide dehydrogenase catalytic subunit	0.25342339277267456	0.3320097327232361	0.3422129154205322	0.3422129154205322	0.3174647390842438
mae:Maeo_0475 CO dehydrogenase/acetyl-CoA synthase complex, epsilon subunit	0.2666763663291931	0.39308950304985046	0.3141137659549713	0.39308950304985046	0.34174228459596634
metm:MSMTP_1179 Carbon monoxide dehydrogenase CooS subunit	0.3408934772014618	0.3989182710647583	0.40062054991722107	0.40062054991722107	0.38526321202516556
mpl:Mpal_0842 carbon-monoxide dehydrogenase, catalytic subunit	0.26867443323135376	0.37752628326416016	0.3094298243522644	0.37752628326416016	0.3332892060279846
drt:Dret_1234 carbon-monoxide dehydrogenase, catalytic subunit	0.23059846460819244	0.35142549872398376	0.28009602427482605	0.35142549872398376	0.3033863715827465
mif:Metin_1228 CO dehydrogenase/acetyl-CoA synthase complex, beta subunit	0.16636545956134796	0.283933162689209	0.23637256026268005	0.283933162689209	0.2426510863006115
mhi:Mhar_1630 Carbon-monoxide dehydrogenase, catalytic subunit	0.3246173560619354	0.3803251385688782	0.4069437086582184	0.4069437086582184	0.3797074779868126
dao:Desac_1966 carbon-monoxide dehydrogenase, catalytic subunit	0.30534154176712036	0.40345361828804016	0.3576323390007019	0.40345361828804016	0.36747027933597565
mema:MMAB1_2986 cooS; Carbon monoxide dehydrogenase 2	0.30260539054870605	0.4519708752632141	0.3909710645675659	0.4519708752632141	0.39937955141067505
dau:Daud_0870 carbon-monoxide dehydrogenase, catalytic subunit	0.29582318663597107	0.37966495752334595	0.33654460310935974	0.37966495752334595	0.3479244261980057
tpz:Tph_c15180 acsB; carbon monoxide dehydrogenase/acetyl-CoA synthase subunit beta	0.29817479848861694	0.38377365469932556	0.343925416469574	0.38377365469932556	0.3524118810892105
cfm:BJL90_04040 carbon-monoxide dehydrogenase catalytic subunit	0.31401607394218445	0.39450445771217346	0.42085379362106323	0.42085379362106323	0.3875570297241211
mpy:Mpsy_0694 carbon monoxide dehydrogenase	0.32242551445961	0.39591988921165466	0.37666356563568115	0.39591988921165466	0.3727322146296501
pmx:PERMA_0106 cooS; carbon-monoxide dehydrogenase, catalytic subunit	0.28956812620162964	0.41875824332237244	0.4322245121002197	0.4322245121002197	0.3931938484311104
din:Selin_2012 carbon-monoxide dehydrogenase, catalytic subunit	0.27416953444480896	0.3095279335975647	0.302825391292572	0.3095279335975647	0.2990126982331276
gac:GACE_0127 carbon monoxide dehydrogenase, catalytic subunit (cooS)	0.35763615369796753	0.3727492690086365	0.41992053389549255	0.41992053389549255	0.3925566226243973
top:TOPB45_0398 Carbon-monoxide dehydrogenase (acceptor)	0.2038615196943283	0.27874982357025146	0.2864355444908142	0.2864355444908142	0.26387060806155205
aar:Acear_0983 carbon-monoxide dehydrogenase, catalytic subunit	0.27006709575653076	0.374896377325058	0.33161094784736633	0.374896377325058	0.33786769956350327
ctyk:CTK_C21760 cooS; carbon monoxide dehydrogenase	0.36157116293907166	0.4321421682834625	0.41105207800865173	0.4321421682834625	0.4092268943786621
tki:TKV_c20100 acsA; carbon-monoxide dehydrogenase catalytic subunit acsA	0.2772959768772125	0.3549988865852356	0.29982125759124756	0.3549988865852356	0.3217787519097328
mls:MSLAZ_0996 acetyl-CoA decarbonylase/synthase complex subunit alpha	0.2862887978553772	0.36194828152656555	0.33938467502593994	0.36194828152656555	0.33739250898361206
mls:MSLAZ_0649 CO dehydrogenase/acetyl-CoA synthase subunit alpha, CO dehydrogenase subcomplex	0.23315350711345673	0.3845759332180023	0.3108174502849579	0.3845759332180023	0.3282807059586048
ehl:EHLA_2243 CO_DH_cata: carbon-monoxide dehydrogenase, catalytic subunit	0.35673677921295166	0.43858107924461365	0.4146398603916168	0.43858107924461365	0.41213469952344894
mmet:MCMEM_0990 CO dehydrogenase/acetyl-CoA synthase subunit alpha, CO dehydrogenase subcomplex	0.2462495118379593	0.3775307536125183	0.3110942840576172	0.3775307536125183	0.3281013257801533
dol:Dole_1461 carbon-monoxide dehydrogenase, catalytic subunit	0.2775316536426544	0.36746296286582947	0.35924458503723145	0.36746296286582947	0.3429255411028862
toc:Toce_0800 carbon-monoxide dehydrogenase, catalytic subunit	0.29638758301734924	0.39510804414749146	0.355852872133255	0.39510804414749146	0.3606141358613968
msw:MSSIT_3040 CO dehydrogenase/acetyl-CoA synthase subunit alpha, CO dehydrogenase subcomplex	0.20420724153518677	0.20349252223968506	0.21850600838661194	0.21850600838661194	0.21117794513702393
